Time,SM_COSMOS,TA,NETRAD,G,LE,H,RH,TA_dl,NETRAD_dl,G_dl,LE_dl,H_dl,RH_dl,TA_day_mean,TA_day_max,TA_day_min,RH_day,RH_day_min,NETRAD_day,G_day,LE_day,H_day,SM1,P_mm,TS_day_MAX,NDVI,LE_FC
2013-01-01,0.757125,-2.193,49.103,-8.402,1.365,14.468,0.83362,-1.93528571429,72.1372857143,-8.27357142857,7.11314285714,25.7588571429,0.812231428571,-1.37845833333,1.3,-4.84,0.837897083333,0.77118,15.7630833333,-8.4857826087,3.04079166667,8.601875,0.41499875,0.0,3.509,0.431233333333,1.99368327576
2013-01-02,0.632708333333,-7.895,195.077,-17.46,2.12,56.469,0.72878,-5.34028571429,210.096857143,-16.0224285714,22.7952857143,103.126,0.59296,-6.39004166667,-3.11,-9.476,0.661049166667,0.46072,21.789375,-14.1585416667,9.48004166667,27.29675,-3.76925083333,0.0,3.267,0.42820625,3.09641651619
2013-01-03,0.582958333333,-5.47,231.166,-17.855,3.423,52.692,0.6618,-2.65828571429,212.848285714,-15.7944285714,8.75271428571,72.1402857143,0.672612857143,-4.093125,0.08,-7.605,0.6640525,0.50948,30.5591666667,-15.4475,2.25779166667,5.94479166667,0.4127375,0.0,2.72,0.425179166667,4.99954421459
2013-01-04,0.613291666667,-3.203,228.543,-10.827,-12.608,144.74,0.76031,-1.97128571429,249.912857143,-10.2644285714,13.7528571429,140.643428571,0.652185714286,-2.22429166667,-0.275,-3.811,0.717987916667,0.56178,37.076125,-10.070625,3.18325,31.707125,0.411095833333,0.0,2.783,0.422152083333,-18.4149148284
2013-01-05,0.596625,-2.135,192.995,-12.572,-0.403,30.604,0.82717,1.05857142857,185.083,-11.3767142857,11.5167142857,43.6914285714,0.657807142857,-0.573583333333,3.535,-3.488,0.767327083333,0.51977,19.03525,-10.6870833333,3.02333333333,-2.12216666667,0.41080375,0.00416666666667,2.822,0.419125,-0.588611252842
2013-01-06,0.629166666667,0.827,6.584,-7.108,-47.148,-13.506,0.81298,-0.727285714286,41.7811428571,-7.29671428571,0.138142857143,36.6761428571,0.77827,-0.2275,2.32,-2.846,0.78692875,0.73212,-0.9995,-7.80179166667,-1.08925,1.74175,0.410744583333,0.0,2.955,0.416097916667,-68.8631348611
2013-01-07,0.5955,-2.756,268.683,-14.025,13.608,53.402,0.81986,-0.128142857143,279.055571429,-12.3197142857,20.0884285714,87.6704285714,0.694997142857,-1.07141666667,3.169,-4.478,0.745874583333,0.54356,33.4027916667,-11.044875,5.429875,17.0460833333,0.411065833333,0.0,2.847,0.413070833333,19.8754886568
2013-01-08,0.568,0.82,258.023,-11.658,4.105,18.896,0.73134,4.55157142857,252.863142857,-9.69157142857,17.383,99.0141428571,0.601438571429,3.02541666667,8.327,-0.931,0.651106666667,0.46627,25.4724166667,-9.39379166667,3.85758333333,6.85529166667,0.40926875,0.0,2.798,0.41004375,5.99565556555
2013-01-09,0.659833333333,6.869,242.547,-3.903,,,0.9236,8.63814285714,263.776142857,4.52642857143,69.8835,123.9364,0.745311428571,7.419125,10.829,5.064,0.716496666667,0.47376,58.2684166667,-1.94979166667,19.0410434783,11.7645238095,0.412186666667,0.195833333333,3.203,0.407016666667,
2013-01-10,0.497652173913,4.854,65.244,-3.713,5.774,-6.53,0.56946,4.98457142857,66.9475714286,-1.39385714286,8.82542857143,-7.18342857143,0.669242857143,5.28116666667,7.835,2.972,0.750557083333,0.5372,2.346875,-2.80375,2.98625,-15.6805,0.41709125,0.0958333333333,3.277,0.403989583333,8.43335328514
2013-01-11,0.602333333333,12.825,42.438,15.186,-32.627,-30.738,0.92461,13.28,138.677428571,18.7961428571,-10.642,33.7634285714,0.812742857143,12.2496666667,14.534,8.582,0.873990416667,0.70392,24.7473333333,12.83025,-10.9997916667,-8.714,0.432190416667,0.791666666667,6.227,0.4009625,-47.654142299
2013-01-12,0.59175,13.567,194.291,9.257,8.783,45.474,0.94981,15.4024285714,196.556142857,19.7905714286,41.2028571429,69.5168571429,0.833775714286,14.0518333333,17.045,12.012,0.875996666667,0.73127,29.5642083333,13.322125,10.9360434783,7.1569,0.4190825,1.1375,8.491,0.397935416667,12.8282199348
2013-01-13,0.664583333333,3.699,27.742,-6.521,,,0.95596,2.86628571429,22.2498571429,-8.64042857143,-1.2175,,0.953548571429,4.14683333333,17.927,-4.093,0.941402916667,0.81772,5.05295833333,-3.845375,-24.333,-96.976,0.464342916667,1.57083333333,9.511,0.394908333333,
2013-01-14,0.475916666667,-6.931,189.179,-21.549,,,0.78236,-5.79328571429,174.069285714,-19.1397142857,-13.174,,0.74435,-5.548125,-4.34,-7.353,0.779487083333,0.69004,41.0726666667,-18.68725,-2.52725,-19.5876666667,0.430590833333,0.0,5.848,0.39188125,
2013-01-15,0.491,-4.903,255.113,-19.444,6.813,26.694,0.77292,-3.14657142857,223.446714286,-16.8894285714,8.87757142857,64.9714285714,0.715584285714,-3.986,-1.49,-6.701,0.766040833333,0.66439,34.2642916667,-16.9207916667,2.13391666667,12.577625,0.416354166667,0.0,3.622,0.388854166667,9.95088949284
2013-01-16,0.465666666667,-2.023,110.558,-10.48,12.383,46.364,0.76152,-0.905714285714,145.747714286,-7.13214285714,14.267,50.788,0.649752857143,-1.10554166667,0.56,-2.023,0.70489625,0.46786,26.591375,-9.08583333333,2.09158333333,12.00075,0.412150833333,0.0,3.125,0.385827083333,18.086285717
2013-01-17,0.497291666667,1.394,245.277,-9.167,5.975,70.169,0.75638,2.75328571429,271.952285714,0.357285714286,19.2494285714,106.413571429,0.691285714286,0.471083333333,4.064,-2.558,0.685104583333,0.54081,48.51875,-6.60054166667,4.36579166667,24.984875,0.4094775,0.0,3.647,0.3828,8.72692862465
2013-01-18,0.4345,-2.575,264.635,-14.875,18.146,48.465,0.67066,0.164,299.469285714,-8.63271428571,30.3211428571,158.706142857,0.540295714286,-0.588625,4.442,-4.633,0.60621125,0.38489,38.585,-10.437125,8.01104166667,34.2479166667,0.406245,0.0,3.137,0.38271875,26.50357269
2013-01-19,0.44916,6.499,253.845,-3.3,21.999,138.414,0.48398,8.86885714286,286.001857143,7.85371428571,19.3224285714,162.865714286,0.442661428571,7.41795833333,12.09,3.974,0.483884583333,0.3998,31.1795833333,0.462333333333,1.30858333333,17.109125,0.401144583333,0.0,4.055,0.3826375,32.1311636508
2013-01-20,0.42875,-4.123,194.977,-13.941,13.032,199.956,0.51181,-2.34114285714,286.803714286,-5.841,20.65,229.462428571,0.447,-0.44425,7.724,-4.893,0.526409166667,0.35971,43.12225,-7.0425,2.42716666667,71.2089583333,0.400287916667,0.0,4.105,0.38255625,19.0341981316
2013-01-21,0.401875,-9.101,73.095,-16.245,4.578,101.272,0.63356,-8.77514285714,222.611285714,-14.8362857143,18.7908571429,226.008571429,0.579667142857,-8.30783333333,-5.336,-11.808,0.646485416667,0.47198,41.7289166667,-14.9437083333,5.72466666667,86.3075833333,0.398325833333,0.0,2.931,0.382475,6.68650698638
2013-01-22,0.402416666667,-13.531,283.237,-16.269,3.275,225.182,0.66505,-11.4414285714,308.652142857,-14.9512857143,1.0536,232.4196,0.55748,-12.090875,-9.356,-14.813,0.607684166667,0.46798,48.8120416667,-15.8311666667,-0.105181818182,55.5495909091,0.38302375,0.0,1.622,0.38239375,4.78337928799
2013-01-23,0.436625,-9.846,41.997,-12.726,11.153,23.99,0.63452,-7.62871428571,100.048571429,-12.0152857143,7.06385714286,65.2257142857,0.592037142857,-7.76604166667,-2.865,-11.208,0.5940725,0.45556,0.819166666667,-12.4387916667,2.69520833333,15.793,0.370965,0.0,1.046,0.3823125,16.2897799081
2013-01-24,0.421916666667,-8.146,274.026,-11.709,-0.993,211.839,0.70929,-6.78514285714,262.281285714,-10.4982857143,14.3984285714,143.487142857,0.555852857143,-6.78891666667,-3.885,-9.858,0.573155833333,0.37623,46.59325,-10.988875,3.79529166667,38.8030416667,0.365615416667,0.0,0.966,0.38223125,-1.45034981159
2013-01-25,0.452791666667,-6.551,59.983,-9.742,-0.402,41.156,0.74546,-4.96371428571,147.012571429,-9.04671428571,-0.0148571428571,80.9147142857,0.705108571429,-5.05345833333,-2.575,-7.255,0.619344166667,0.42982,27.0942916667,-9.66383333333,1.41004166667,24.9620833333,0.3624675,0.0,1.064,0.38215,-0.587150679014
2013-01-26,0.463666666667,-4.7,283.116,-9.552,14.471,39.558,0.68156,-2.09471428571,320.638285714,-8.48271428571,13.6612857143,126.461285714,0.594451428571,-2.93945833333,1.209,-6.595,0.655073333333,0.47381,48.3178333333,-8.85108333333,3.39108333333,25.5260833333,0.361719166667,0.0166666666667,0.984,0.38206875,21.1359638707
2013-01-27,0.431916666667,-2.753,126.477,-8.164,4.154,36.486,0.76685,-0.542571428571,109.248285714,-7.77342857143,2.11885714286,29.9351428571,0.663762857143,-1.55695833333,3.74,-5.13,0.752254166667,0.563,12.57675,-8.21954166667,-4.61229166667,-11.8325454545,0.3619875,0.195833333333,0.915,0.3819875,6.06722368314
2013-01-28,0.48,10.489,34.643,-0.53,22.509,-28.077,0.91446,10.7175714286,33.8991428571,4.54342857143,-7.997,-28.4428571429,0.965487142857,9.91208333333,12.979,4.634,0.9707775,0.84684,11.405375,2.18808333333,-12.6013157895,-43.2121666667,0.396979583333,0.341666666667,2.307,0.38190625,32.8760563033
2013-01-29,0.546555555556,15.097,106.29,22.232,-10.14,23.024,0.90654,15.5611428571,72.1638571429,23.8232857143,-2.96328571429,17.4232857143,0.874765714286,14.8019166667,17.692,12.34,0.910322916667,0.82298,15.3516666667,19.5914583333,-8.14914285714,-8.30525,0.408597916667,0.00416666666667,5.836,0.381825,-14.8102186199
2013-01-30,0.520095238095,10.834,39.665,10.931,18.072,-33.334,0.97406,10.7445714286,83.1377142857,12.9061428571,32.6135714286,27.1605,0.907177142857,8.66995833333,18.549,-2.08,0.899188333333,0.77519,18.8981666667,8.99266666667,3.00083333333,13.2568,0.428234166667,1.0625,7.104,0.38174375,26.3954902267
2013-01-31,0.410173913043,-4.39,70.152,-16.402,-2.09,38.72,0.76059,-3.42628571429,134.640428571,-14.5871428571,6.397,75.4374285714,0.631592857143,-4.70525,-2.133,-10.455,0.708090833333,0.55037,28.9637083333,-14.3711666667,2.93095833333,44.5480833333,0.414275833333,0.0,5.382,0.3816625,-3.05259930134
2013-02-01,0.412608695652,-13.145,164.035,-16.294,8.245,127.156,0.75169,-11.8122857143,299.990428571,-14.6054285714,16.3802857143,198.323285714,0.704447142857,-11.8848333333,-9.556,-14.023,0.738686666667,0.64755,57.9771666667,-15.4177083333,4.65629166667,65.814875,0.402856666667,0.0,2.953,0.38158125,12.0424312151
2013-02-02,0.442541666667,-4.023,180.46,-10.526,10.774,72.145,0.78351,-2.87,118.868857143,-10.186,5.34014285714,40.4001428571,0.78072,-4.85579166667,-1.793,-9.511,0.798395416667,0.66021,28.74625,-11.456,0.172416666667,7.94195833333,0.393924583333,0.0,1.616,0.3815,15.7362224271
2013-02-03,0.43575,-6.413,79.71,-9.166,6.115,50.651,0.81098,-5.47228571429,60.5011428571,-8.864,0.754428571429,23.2347142857,0.83658,-6.34029166667,-3.951,-8.726,0.777456666667,0.69313,-1.903625,-8.959375,-2.7545,2.91629166667,0.394112916667,0.0,1.547,0.3816125,8.93140896062
2013-02-04,0.473125,-1.581,158.859,-8.183,9.25,26.853,0.63741,0.300857142857,165.662857143,-7.87057142857,18.3115714286,18.4685714286,0.684084285714,-1.38004166667,4.33,-6.02,0.728869583333,0.54172,28.7718333333,-7.91945833333,4.95895833333,-2.62145833333,0.393245,0.00833333333333,1.605,0.381725,13.5103079126
2013-02-05,0.451333333333,-1.876,105.425,-7.279,5.882,55.455,0.84868,-0.303,151.740285714,-6.74185714286,10.1407142857,54.8194285714,0.77712,0.25325,3.812,-2.805,0.776787916667,0.67514,28.810125,-6.36483333333,4.10404166667,16.7515,0.393387916667,0.0,1.71,0.3818375,8.59109525861
2013-02-06,0.49675,-1.463,72.224,-5.464,10.678,20.088,0.75575,-0.729,137.660428571,-3.71185714286,16.5917142857,73.0701428571,0.739751428571,-0.133958333333,2.744,-1.83,0.758282916667,0.66981,28.5984166667,-4.892125,6.76445833333,27.7210416667,0.397788333333,0.0,1.949,0.38195,15.5960073396
2013-02-07,0.45204,4.034,327.412,-6.535,21.302,91.678,0.66685,8.92814285714,362.086142857,11.7684285714,41.6204285714,153.448857143,0.520351428571,6.515875,15.352,-0.351,0.646156666667,0.36341,91.391125,4.07479166667,12.0574166667,32.301625,0.3987975,0.141666666667,3.595,0.3820625,31.1131436924
2013-02-08,0.451625,0.394,25.715,-5.71,14.527,55.861,0.81031,0.183428571429,50.9521428571,-4.87457142857,2.62757142857,46.0381428571,0.815377142857,1.43533333333,8.51,-0.42,0.83702375,0.72402,9.72841666667,-3.01104166667,-1.25876190476,19.5118888889,0.406599166667,0.0458333333333,3.882,0.382175,21.2177560051
2013-02-09,0.468875,-0.866,336.431,-10.547,70.948,278.472,0.67461,1.70728571429,377.64,2.44585714286,46.4992857143,238.139571429,0.572292857143,0.746083333333,5.625,-2.758,0.609535833333,0.42028,78.9362083333,-3.69870833333,15.1893333333,72.0009166667,0.40075625,0.0,3.288,0.3822875,103.624791977
2013-02-10,0.513958333333,6.825,121.561,1.653,0.031,9.574,0.67893,8.17871428571,72.4415714286,6.29642857143,11.0882857143,-18.5798333333,0.670715714286,6.36983333333,10.484,2.344,0.682311666667,0.47945,15.5037916667,2.38325,-2.2945,-30.8508636364,0.3980225,0.15,4.061,0.3824,0.0452777886802
2013-02-11,0.492304347826,2.787,94.873,-3.618,12.72,74.721,0.60786,3.82885714286,128.268142857,-0.548142857143,-3.11228571429,104.814428571,0.586691428571,5.94008333333,11.197,2.765,0.655684166667,0.55227,1.77304166667,0.868125,-11.1880833333,25.8599545455,0.399707083333,0.0,4.615,0.3825125,18.5784990972
2013-02-12,,1.174,346.472,-10.895,41.453,99.915,0.69525,3.87671428571,357.499857143,4.97,32.4415714286,174.727714286,0.561722857143,2.53145833333,6.924,-1.511,0.648753333333,0.42808,63.5976666667,-3.02983333333,8.92941666667,43.185375,0.39693625,0.0,4.137,0.382625,60.5451669084
2013-02-13,0.425555555556,-0.651,80.714,-6.606,16.659,59.486,0.75014,1.411,197.129428571,-0.412285714286,21.2952857143,97.3477142857,0.644335714286,1.37516666667,6.7,-1.513,0.681782083333,0.40112,34.3756666667,-4.90379166667,2.42241666667,33.6580416667,0.3940675,0.0,3.65,0.3827375,24.3316994072
2013-02-14,0.452041666667,3.567,300.421,-1.027,17.808,208.834,0.83694,6.27357142857,322.464,11.4037142857,32.6022857143,207.468857143,0.708922857143,4.51304166667,9.837,1.622,0.76616,0.50943,65.9845,1.05695833333,7.06383333333,50.24325,0.390790416667,0.0,4.517,0.38285,26.009898736
2013-02-15,0.413714285714,1.177,135.568,-3.027,8.769,130.192,0.79926,1.27085714286,197.686285714,1.09885714286,-2.06128571429,197.363428571,0.685254285714,0.469708333333,2.332,-2.83,0.68677375,0.49999,22.352875,-5.81275,0.139708333333,57.9572083333,0.38982125,0.0,3.944,0.3829625,12.8077719012
2013-02-16,0.38595,-5.853,229.433,-14.112,22.365,170.032,0.67707,-4.83185714286,334.166,-8.86871428571,22.9821428571,240.116285714,0.583287142857,-4.865,-2.973,-6.343,0.629764166667,0.46928,61.1185416667,-11.8549166667,6.81566666667,71.469375,0.387425833333,0.0,2.969,0.383075,32.665733672
2013-02-17,0.394,-6.768,376.871,-13.383,31.527,270.657,0.63799,-3.46871428571,415.297285714,-10.3621428571,26.5947142857,251.925714286,0.451711428571,-4.25254166667,1.56,-9.796,0.531395833333,0.26693,85.7373333333,-11.1696666667,7.68579166667,74.8507916667,0.38380875,0.0,1.815,0.3831875,46.0475110877
2013-02-18,0.478642857143,5.314,293.721,-6.897,44.082,176.121,0.56387,9.82085714286,324.113,10.1121428571,10.6622857143,185.340714286,0.533321428571,4.12833333333,14.165,-1.981,-24.6227129167,-99.99,70.3215833333,1.54529166667,-0.608608695652,27.93495,0.381018333333,0.325,3.565,0.3833,64.3850155032
2013-02-19,0.4973,,110.232,-10.018,-17.765,49.884,-99.99,-3.8222,134.849,-9.75671428571,1.48657142857,104.920833333,-28.1014385714,-4.38525,-3.38,-5.426,-49.670645,-99.99,35.0035,-6.970625,-4.97008333333,51.4472631579,0.405535416667,0.108333333333,3.801,0.3841125,-25.9470940614
2013-02-20,0.409916666667,-8.885,401.542,-14.498,25.686,332.351,0.67595,-6.37128571429,408.680571429,-11.3721428571,29.7272857143,322.077428571,0.582397142857,-6.332375,-3.218,-9.801,0.63760625,0.47378,95.0675416667,-11.5895833333,8.67029166667,107.830041667,0.395058333333,0.0,2.049,0.384925,37.5162993561
2013-02-21,0.4625,-5.56,204.861,-11.456,8.685,100.693,0.77777,-3.54114285714,260.694142857,-10.0514285714,12.0202857143,107.436714286,0.700325714286,-4.25370833333,-0.966,-7.375,0.7576975,0.61272,51.7210833333,-10.47675,4.02391666667,31.6862083333,0.388045,0.0,1.232,0.3857375,12.6850836996
2013-02-22,0.5925,1.84,55.545,-5.705,16.889,,0.97712,1.92628571429,72.8635714286,-5.69628571429,17.7303333333,26.2795,0.920617142857,1.253625,2.354,-1.215,0.888039166667,0.79269,22.6445833333,-6.132375,7.62953846154,0.0256666666667,0.395576666667,0.225,1.341,0.38655,24.6676313877
2013-02-23,0.473545454545,-1.653,391.891,-6.863,42.722,185.092,0.64419,0.292142857143,437.416142857,-3.45242857143,24.3354285714,194.831,0.579148571429,-0.773458333333,3.062,-3.811,0.669385,0.49659,106.249041667,-4.195625,10.33725,64.8120416667,0.409108333333,0.0,1.647,0.3873625,62.3986350966
2013-02-24,0.496769230769,-0.816,414.367,-9.009,23.051,179.877,0.66326,1.60414285714,449.087857143,-0.737428571429,31.554,242.899857143,0.562561428571,0.102875,5.769,-4.05,0.664524166667,0.46838,102.517333333,-3.851875,9.25775,73.735375,0.407524583333,0.0,1.975,0.388175,33.6676873183
2013-02-25,0.4348,1.809,404.072,-8.04,41.023,227.599,0.55253,3.88828571429,435.627142857,7.39414285714,29.8791428571,199.131857143,0.490552857143,2.06320833333,6.29,-1.781,0.60788875,0.41845,95.1212916667,-0.590375,8.41904166667,49.606375,0.402561666667,0.0,2.748,0.3889875,59.9171201622
2013-02-26,0.478333333333,2.022,46.571,-4.253,13.376,,0.92242,3.53714285714,51.8217142857,0.242,8.63883333333,-115.597,0.930842857143,3.69645833333,6.172,1.074,0.848042916667,0.55377,16.3337083333,-0.012125,-2.01534782609,-17.1679,0.42720375,1.09166666667,2.836,0.3898,19.5366355286
2013-02-27,0.4492,1.004,120.071,-5.848,1.656,,0.90516,0.942428571429,64.8878571429,-4.96785714286,4.01766666667,-9.73525,0.882121428571,1.682375,4.716,0.28,0.904629166667,0.84661,18.050375,-3.538125,-4.17281818182,-3.55275,0.423349166667,0.025,2.935,0.3906125,2.41871025982
2013-02-28,0.480625,1.065,66.001,-5.462,-0.64,7.245,0.89936,1.61985714286,78.1212857143,-3.08028571429,3.02185714286,25.3198571429,0.864245714286,1.18995833333,2.45,0.03,0.866958333333,0.81578,20.3945,-4.36633333333,1.130375,6.57741666667,0.414138333333,0.0208333333333,2.284,0.391425,-0.934767250171
2013-03-01,0.498125,-0.085,117.728,-4.765,18.833,50.971,0.8541,0.314714285714,127.468428571,-0.925,13.7364285714,55.4567142857,0.829842857143,0.376,1.142,-0.211,0.844798333333,0.8123,36.5415833333,-3.96008333333,4.602125,15.8192916667,0.408960416667,0.00416666666667,2.343,0.3922375,27.5069869101
2013-03-02,0.456214285714,-3.411,141.04,-8.118,-5.324,64.416,0.72259,-2.70157142857,116.327857143,-7.19728571429,6.87814285714,58.2302857143,0.706957142857,-1.92316666667,-0.246,-3.411,0.7564675,0.62052,31.728375,-6.86533333333,3.54741666667,21.87025,0.40589375,0.0,2.104,0.39305,-7.77609506236
2013-03-03,0.449785714286,-3.465,390.493,-9.061,28.099,163.578,0.68653,-1.55185714286,469.399428571,1.55085714286,45.9668571429,237.881285714,0.579878571429,-1.98620833333,1.925,-5.18,0.634207916667,0.4157,118.160125,-4.13741666667,15.1900833333,80.9089583333,0.400969166667,0.00416666666667,2.382,0.3938625,41.040664004
2013-03-04,0.429285714286,-0.661,366.645,-8.977,30.685,203.507,0.56443,0.888142857143,221.929,-6.10314285714,14.3534285714,110.518,0.504767142857,0.0895833333333,3.394,-3.858,0.52976375,0.44379,43.89525,-6.41295833333,4.49308333333,29.9352083333,0.397171666667,0.0,1.89,0.394675,44.8177079242
2013-03-05,0.4775,2.139,24.088,-0.567,-7.393,-17.114,0.82595,2.56885714286,34.5134285714,0.427285714286,-8.476,-18.725,0.859937142857,1.94529166667,3.499,-1.298,0.785810833333,0.54631,9.984,-2.22995833333,-2.6747,6.15122222222,0.399731666667,0.158333333333,2.361,0.3954875,-10.7980223133
2013-03-06,0.5045,-0.983,72.368,-5.076,-2.025,17.997,0.8344,-0.510571428571,75.8984285714,-4.96171428571,0.827285714286,22.5832857143,0.848324285714,-0.767541666667,-0.056,-1.383,0.871403333333,0.82991,23.174125,-5.12504166667,-1.02908333333,-1.05833333333,0.408140416667,0.0,1.946,0.3963,-2.9576620025
2013-03-07,0.509272727273,-0.423,138.552,-4.673,11.086,26.93,0.85173,0.690714285714,187.364142857,-4.55257142857,23.2144285714,53.9158571429,0.789335714286,0.0163333333333,1.875,-1.373,0.7941075,0.66794,50.8900833333,-4.82845833333,6.87420833333,10.7721666667,0.407589583333,0.0458333333333,1.826,0.3941375,16.1919214616
2013-03-08,0.552428571429,1.929,433.058,-6.466,33.773,191.096,0.67259,3.97057142857,479.797428571,8.36314285714,35.0675714286,203.998857143,0.612028571429,2.136125,7.005,-1.883,0.64165125,0.50789,118.873208333,0.228541666667,9.9295,64.2937083333,0.417324583333,0.0,2.425,0.391975,49.3279599063
2013-03-09,0.495,6.375,415.476,3.107,47.387,235.93,0.50803,9.255,378.302857143,20.3211428571,57.2742857143,186.516142857,0.433418571429,6.94745833333,13.054,0.592,0.517710416667,0.34135,96.961,7.06725,18.7706666667,40.6715416667,0.415973333333,0.0,3.932,0.3898125,69.2122120061
2013-03-10,0.476,14.125,221.46,16.551,27.488,56.309,0.446,16.2704285714,254.230142857,26.5388571429,37.7174285714,115.337285714,0.3662,15.0122916667,18.909,12.189,0.396917083333,0.26148,56.615,15.964375,27.8859583333,12.5233913043,0.40591375,0.025,6.077,0.38765,40.1482533949
2013-03-11,0.504,8.389,44.016,9.54,-6.522,,0.94887,6.70414285714,91.8315714286,7.27528571429,8.07457142857,10.01075,0.860578571429,7.19083333333,14.927,1.205,0.867779583333,0.57886,24.6659583333,5.20954166667,-2.4462173913,17.0320714286,0.408732916667,0.15,6.028,0.3854875,-9.52586250878
2013-03-12,0.4525,0.727,272.125,-3.829,42.18,179.062,0.64877,3.00085714286,437.360142857,11.9931428571,42.2812857143,232.530857143,0.568928571429,2.005875,5.794,-0.073,0.689664166667,0.46193,129.27275,-1.13366666667,12.6213333333,80.1834583333,0.409033333333,0.0,5.288,0.383325,61.6070040816
2013-03-13,0.445642857143,-3.33,188.589,-13.158,14.88,64.495,0.73144,-2.73042857143,221.101285714,-8.63771428571,11.6532857143,123.607571429,0.697981428571,-2.31183333333,0.822,-4.115,0.7231025,0.64175,50.1840416667,-10.3980416667,1.79216666667,37.9007083333,0.408110833333,0.0,4.403,0.3811625,21.7333385665
2013-03-14,0.43,0.177,466.403,-12.627,38.228,202.996,0.51301,2.29628571429,450.733142857,3.77785714286,23.7681428571,206.292857143,0.448424285714,-0.340333333333,4.855,-3.995,0.67590125,0.36808,111.291833333,-5.23404166667,8.71791666667,60.607125,0.40442375,0.0,3.48,0.379,55.8348163118
2013-03-15,0.480235294118,3.484,341.639,-0.419,46.33,154.849,0.77874,6.573,295.058285714,10.6634285714,36.682,113.187428571,0.682551428571,5.29545833333,11.299,0.197,0.74699375,0.54238,73.6741666667,2.35020833333,9.89266666667,24.0295833333,0.400790833333,0.0125,4.291,0.3768375,67.6683854694
2013-03-16,0.47,10.162,354.39,17.474,34.919,164.496,0.72778,8.61028571429,264.657285714,18.7597142857,57.7317142857,209.478285714,0.756642857143,8.230125,14.13,2.155,0.753430833333,0.68767,71.6944166667,7.882875,16.858173913,57.699,0.397987083333,0.025,5.808,0.374675,51.0017775137
2013-03-17,0.4575,-0.131,100.261,-7.016,,,0.78849,0.541571428571,120.361714286,-4.12157142857,270.953,71.4813333333,0.77462,0.9485,2.135,-0.265,0.786220416667,0.72681,35.3975416667,-5.52841666667,81.98,22.6315,0.3998075,0.0833333333333,4.898,0.3725125,
2013-03-18,0.513222222222,3.382,73.121,-0.598,,,0.98672,4.711,78.8502857143,3.65014285714,-6.341,14.56,0.971165714286,3.32941666667,5.915,1.195,0.935444583333,0.88656,19.5783333333,-3.26908333333,-3.33231578947,-5.68272727273,0.434588333333,0.933333333333,3.977,0.37035,
2013-03-19,0.45535,-0.78,533.205,-13.15,34.921,386.977,0.53456,1.08342857143,558.562857143,6.426,53.329,357.593,0.451512857143,0.611416666667,4.785,-3.67,0.550917916667,0.3211,143.282458333,-3.85954166667,15.0935833333,115.652791667,0.416821666667,0.0,3.911,0.3681875,51.0046986613
2013-03-20,0.446,-2.635,464.734,-11.312,32.701,192.972,0.5383,-2.35142857143,464.424285714,2.01528571429,28.3501428571,337.963,0.483504285714,-2.09483333333,1.07,-4.401,0.52873125,0.42324,107.551083333,-7.32079166667,11.385625,110.107791667,0.411124166667,0.0,3.245,0.366025,47.7622247623
2013-03-21,0.4362,-5.863,524.621,-12.986,37.635,263.475,0.53172,-3.23185714286,553.685,0.773571428571,27.1051428571,362.294714286,0.464208571429,-3.854,1.03,-7.648,0.540970833333,0.32745,145.412666667,-7.81345833333,7.94004166667,123.485166667,0.405374166667,0.0,2.623,0.3638625,54.9686960316
2013-03-22,0.406,0.687,534.152,-9.874,23.211,271.06,0.39844,3.32857142857,552.444714286,9.83057142857,30.5274285714,260.471428571,0.32333,1.53733333333,7.232,-3.106,0.384470833333,0.21921,145.668416667,-2.157875,10.218375,91.25325,0.4009075,0.0,3.198,0.3617,33.9013791308
2013-03-23,0.418,5.372,528.207,5.763,13.809,243.339,0.43222,7.273,519.558857143,21.4872857143,30.2392857143,256.042,0.360555714286,5.01054166667,9.904,1.262,0.4090025,0.30681,148.827458333,5.56683333333,9.81866666667,81.0600416667,0.396567916667,0.0,4.681,0.3610375,20.1690639963
2013-03-24,0.4834,1.824,159.486,-0.496,10.971,65.61,0.7399,1.73585714286,120.467,-1.04585714286,2.558,63.2981428571,0.781274285714,1.251625,3.279,-0.675,0.77067125,0.53771,34.0658333333,-5.350375,1.369375,19.5242083333,0.397418333333,0.0125,3.964,0.360375,16.0239554713
2013-03-25,0.539294117647,-0.798,139.205,-7.167,-1.015,28.515,0.9031,-0.254428571429,116.301571429,-7.14557142857,1.16228571429,26.2814285714,0.888212857143,-0.431291666667,0.755,-1.645,0.888245,0.86037,37.9775833333,-7.40933333333,-0.268708333333,2.67241666667,0.402552916667,0.00833333333333,2.945,0.3597125,-1.48248243582
2013-03-26,0.5645,1.237,449.426,-5.896,25.089,210.41,0.74135,2.18271428571,339.028,-5.84071428571,29.144,171.627714286,0.598895714286,0.794583333333,3.069,-0.901,0.711039166667,0.48282,95.9434166667,-6.38008333333,8.58708333333,45.9005833333,0.409094166667,0.00833333333333,2.398,0.35905,36.6443367806
2013-03-27,0.586,3.34,473.256,-7.705,31.434,177.496,0.58459,3.83942857143,343.513,-3.82814285714,30.2747142857,147.650571429,0.503092857143,1.812875,5.074,-1.321,0.618109583333,0.4254,78.2837916667,-5.202125,10.5295833333,40.7890416667,0.42196375,0.0,2.395,0.3583875,45.9116777217
2013-03-28,0.458857142857,4.174,555.959,-8.006,20.932,256.396,0.49612,6.16357142857,567.637285714,21.1961428571,59.1545714286,303.941285714,0.452895714286,4.29416666667,10.32,-0.721,0.522440833333,0.36995,147.793875,4.34741666667,20.1844583333,93.4714583333,0.424135416667,0.0,4.134,0.357725,30.5727313759
2013-03-29,0.450666666667,7.719,312.185,9.974,46.861,115.777,0.52564,8.97042857143,243.441142857,13.5224285714,29.5811428571,86.959,0.466761428571,7.30325,11.535,2.9,0.491904166667,0.40692,49.5655,3.59775,10.8322083333,27.9253333333,0.4156975,0.0,4.577,0.3570625,68.4439501723
2013-03-30,0.4605,10.462,524.444,13.118,81.716,505.069,0.45,12.1455714286,494.076142857,28.8288571429,42.4751428571,319.718571429,0.393151428571,10.0405833333,14.635,5.987,0.471296666667,0.32486,126.503375,10.3876666667,13.3682916667,92.4758333333,0.40873,0.0,6.106,0.3564,119.352250961
2013-03-31,0.454166666667,7.845,65.605,6.562,-8.811,42.198,0.9405,10.7362857143,301.958857143,20.078,32.8227142857,169.242142857,0.71047,10.2590416667,14.654,7.615,0.733100416667,0.44417,90.9147083333,10.9530416667,7.82041666667,63.3534583333,0.404834583333,0.0416666666667,6.863,0.3557375,-12.869116002
2013-04-01,0.545,3.417,476.402,1.95,36.123,344.71,0.52216,4.85628571429,561.005571429,17.0511428571,63.9552857143,395.787428571,0.415362857143,4.569625,9.227,1.492,0.520587916667,0.30464,149.705833333,2.03745833333,20.3245,134.948,0.404365,0.0,6.573,0.355075,52.760308403
2013-04-02,0.43119047619,1.702,578.627,-2.856,38.566,252.529,0.4212,3.78,595.472428571,15.7152857143,46.2671666667,386.445,0.35187,2.59895652174,7.129,-1.845,-3.78268291667,-99.99,156.9645,-1.72465217391,11.5039130435,134.193782609,0.40294125,0.0,5.737,0.3544125,56.3284902658
2013-04-03,0.453642857143,3.542,575.711,-0.726,30.336,328.85,0.32418,5.20942857143,591.764571429,16.7217142857,31.9291428571,320.571857143,0.305604285714,3.76641666667,8.174,-0.67,0.329172083333,0.23809,159.758958333,-0.708083333333,12.418375,101.825041667,0.400844166667,0.0,5.574,0.35375,44.3079676581
2013-04-04,0.429909090909,5.822,449.16,3.087,44.392,460.555,0.3266,9.70571428571,515.814857143,21.288,35.1375714286,366.382285714,0.272651428571,7.556625,15.015,0.759,0.319255,0.17747,135.362666667,4.41616666667,14.243125,117.874125,0.397211666667,0.0,6.315,0.3530875,64.83779339
2013-04-05,0.419625,10.999,557.506,8.881,32.58,306.138,0.43132,12.7234285714,576.035857143,27.7172857143,51.769,347.475142857,0.354261428571,10.9237083333,14.902,6.524,0.324786666667,0.22662,154.851375,8.11170833333,14.8985,111.676625,0.39551875,0.0,7.129,0.352425,47.585495329
2013-04-06,0.437153846154,11.732,319.946,11.286,26.591,166.321,0.36197,15.2578571429,420.385285714,26.9905714286,31.967,271.916285714,0.328272857143,13.3567916667,21.077,6.954,0.358482083333,0.26023,115.685333333,11.5167083333,15.9866666667,79.71275,0.39311,0.0,7.97,0.3517625,38.8381186708
2013-04-07,0.446833333333,18.16,546.054,20.185,38.88,213.556,0.48386,20.0787142857,511.060714286,36.0292857143,58.9068571429,261.983,0.393118571429,18.3499583333,22.439,15.132,0.44838625,0.3002,151.773458333,19.6211666667,28.649625,83.5381666667,0.390075416667,0.0166666666667,9.963,0.3511,56.7871104479
2013-04-08,0.46725,17.185,218.084,19.57,45.556,93.773,0.68242,19.0627142857,233.005,24.6527142857,43.6124285714,108.126428571,0.641187142857,17.1834583333,21.244,13.385,0.72339,0.56956,66.4901666667,15.541125,15.2074583333,20.045375,0.398134583333,0.179166666667,10.594,0.3683125,66.5379013263
2013-04-09,,21.514,566.717,26.616,97.922,342.449,0.64118,23.0828571429,519.662714286,39.87,68.1618571429,271.140714286,0.568234285714,21.0589166667,25.384,16.365,0.616793333333,0.45735,153.351291667,22.3044583333,18.4977916667,81.7091666667,0.39359,0.0,12.391,0.385525,143.022310424
2013-04-10,0.58,23.545,352.345,31.539,45.52,175.45,0.70417,24.2991428571,301.658571429,36.3972857143,49.8254285714,207.585714286,0.660085714286,22.2672916667,26.479,17.807,0.712913333333,0.54706,91.7484583333,23.1549166667,18.9612083333,45.1453333333,0.394565416667,0.179166666667,13.669,0.4027375,66.4853206684
2013-04-11,0.591458333333,17.949,138.394,17.059,14.144,8.125,0.85722,17.1364285714,107.934571429,16.9535714286,0.495571428571,-3.49485714286,0.905757142857,15.7343333333,21.052,9.649,0.93254,0.68485,31.75775,11.3964166667,-5.804375,-0.96719047619,0.429638333333,1.09166666667,13.302,0.41995,20.6583562288
2013-04-12,0.524352941176,5.342,266.494,-7.034,15.86,113.931,0.62519,5.70528571429,193.292,-7.26642857143,29.9815714286,101.321428571,0.617654285714,5.17145833333,7.47,2.562,0.70507125,0.56038,64.61525,-10.29925,9.79558333333,37.6415,0.431572083333,0.0125,12.405,0.4371625,23.1647009183
2013-04-13,0.440583333333,7.114,528.07,-1.089,51.044,249.315,0.57205,9.17985714286,568.880857143,15.2475714286,78.2381428571,359.869714286,0.500078571429,7.68504166667,11.827,3.869,0.586113333333,0.39863,178.43475,0.0005,26.0645833333,126.828416667,0.418001666667,0.0,9.865,,74.5535304965
2013-04-14,0.424615384615,14.899,453.904,12.374,36.728,95.883,0.43919,18.555,445.564428571,28.5884285714,64.6192857143,255.300857143,0.360604285714,14.7999583333,22.249,6.832,0.456475,0.26624,126.73075,9.38179166667,24.7704583333,74.0179583333,0.4094625,0.00416666666667,11.056,,53.6439555692
2013-04-15,,15.612,277.371,15.03,32.308,105.237,0.71341,17.0557142857,263.398285714,19.9394285714,38.984,165.165714286,0.679778571429,16.9980833333,21.719,14.147,0.644709166667,0.51871,72.1138333333,12.3075,12.3309166667,50.5108333333,0.403704166667,0.0,11.713,,47.1882192477
2013-04-16,0.524947368421,19.385,416.3,23.377,-39.702,57.794,0.79781,16.8472857143,314.338714286,25.6138571429,31.3712857143,150.538857143,0.813582857143,15.234875,19.385,10.32,0.8434025,0.70406,94.1872083333,11.864875,11.798,50.7813888889,0.405188333333,0.516666666667,12.718,,-57.9877021349
2013-04-17,0.622791666667,11.865,170.423,5.309,14.376,24.041,0.98099,17.3055714286,352.284142857,26.7672857143,30.101,87.6822857143,0.884918571429,15.1157916667,24.105,10.009,0.9235975,0.73921,109.436125,12.9979583333,4.08085,20.2902941176,0.437691666667,0.4375,13.218,,20.997209357
2013-04-18,0.638142857143,23.837,402.715,32.897,133.006,194.129,0.66314,24.5662857143,234.067428571,32.5098571429,64.1114285714,110.754714286,0.60481,20.7189166667,25.519,16.732,0.784894166667,0.54356,66.291125,18.8644583333,12.8471428571,25.76105,0.427664166667,0.820833333333,14.192,0.5404375,194.265082619
2013-04-19,0.4035,2.984,54.209,-21.809,19.962,19.418,0.70828,3.31714285714,89.4897142857,-18.6242857143,11.3497142857,44.7892857143,0.693882857143,4.19775,11.374,2.844,0.793971666667,0.63938,19.1860833333,-17.289375,-10.860173913,15.3762941176,0.46006125,0.858333333333,14.214,0.55765,29.1559747624
2013-04-20,0.469733333333,4.01,611.433,-4.726,102.435,387.404,0.56648,5.98971428571,572.640428571,12.4845714286,90.1877142857,378.396142857,0.483048571429,4.584125,8.817,1.124,0.618034583333,0.36406,167.069125,-6.96408333333,32.0332083333,125.12025,0.433427083333,0.00833333333333,9.898,0.5748625,149.613880111
2013-04-21,0.448529411765,7.402,614.393,-0.928,115.886,597.877,0.42385,9.72642857143,604.132571429,18.6841428571,74.9104285714,450.958285714,0.378397142857,7.000875,13.067,0.622,0.46617875,0.32543,170.039,-1.84866666667,28.3907916667,145.608916667,0.421675416667,0.0,10.119,0.592075,169.260058677
2013-04-22,0.4515,14.38,605.322,8.886,81.294,393.018,0.33696,17.096,610.617857143,31.6948571429,100.694857143,390.430857143,0.270598571429,13.4540833333,20.657,5.762,0.35819875,0.18882,172.17275,8.07033333333,40.0337083333,128.893708333,0.411527083333,0.0,11.097,0.6092875,118.735888805
2013-04-23,0.513538461538,17.195,266.092,16.354,-7.976,123.554,0.55678,16.2852857143,182.133,17.0685714286,-4.26442857143,59.2972857143,0.723182857143,15.4365833333,18.005,13.047,0.65224875,0.45465,47.0296666667,8.14179166667,-4.89408333333,-3.449125,0.40740875,0.120833333333,11.23,0.6265,-11.6495368553
2013-04-24,0.578791666667,3.369,117.467,-12.166,,,0.94025,4.44842857143,210.159285714,-6.02485714286,55.63125,88.3876666667,0.858408571429,6.45379166667,14.299,3.369,0.838483333333,0.53252,59.91525,-5.53829166667,16.5052777778,51.593,0.445881666667,1.04166666667,11.415,0.64144375,
2013-04-25,0.438538461538,9.254,642.847,2.097,135.087,304.504,0.5732,10.5724285714,569.051,17.525,95.7507142857,307.369714286,0.483408571429,7.63270833333,12.004,2.63,0.585520416667,0.32047,165.174083333,-2.62770833333,35.4595833333,115.204291667,0.42966,0.0,9.991,0.6563875,197.304536756
2013-04-26,0.382,12.792,603.15,5.832,90.025,339.018,0.39407,15.0591428571,497.358571429,21.9995714286,74.544,301.081428571,0.342255714286,11.9345,17.822,5.61,0.419085833333,0.28174,137.540625,4.035875,25.955625,92.1508333333,0.418939583333,0.0,10.475,0.67133125,131.488158901
2013-04-27,0.509529411765,15.112,382.913,13.697,61.453,313.862,0.42999,14.1942857143,223.114,13.7467142857,19.693,159.733142857,0.588924285714,12.70625,15.112,9.657,0.612320833333,0.41404,57.9243333333,4.39833333333,7.08745833333,42.396625,0.41298875,0.00833333333333,10.41,0.686275,89.7566434762
2013-04-28,0.577166666667,13.875,165.248,12.19,,,0.99852,14.5114285714,172.208142857,16.2012857143,39.98,25.726,0.924937142857,13.2879583333,15.272,12.117,0.962696666667,0.84595,59.3743333333,9.570125,6.2687,-2.19922222222,0.4189475,0.279166666667,11.28,0.70121875,
2013-04-29,,14.04,223.008,12.765,24.727,65.796,0.83282,16.4672857143,398.337285714,23.6194285714,88.4691428571,215.143285714,0.700795714286,15.40975,20.362,12.205,0.78644625,0.51326,126.626791667,13.2144166667,32.979375,66.8717083333,0.41747875,0.00416666666667,12.789,0.7161625,36.1156090547
2013-04-30,0.506466666667,20.877,603.903,19.537,129.578,219.873,0.55352,23.3925714286,620.519,42.9858571429,127.124428571,323.920142857,0.502522857143,19.6520416667,26.905,12.43,0.615296666667,0.42212,184.520458333,19.0916666667,46.067375,90.3545416667,0.4110875,0.0,14.554,0.73110625,189.258235536
2013-05-01,0.504708333333,24.29,607.779,20.706,119.066,240.588,0.45817,26.0124285714,633.677,41.7225714286,137.917857143,355.441333333,0.386792857143,23.061125,28.75,17.88,0.4700175,0.30983,181.807791667,19.937125,50.302,92.6376521739,0.404093333333,0.0,15.4,0.74605,173.904683451
2013-05-02,0.487833333333,21.399,562.424,16.735,104.631,210.327,0.51953,23.5037142857,538.131857143,32.6542857143,146.849714286,326.739,0.450572857143,21.6859166667,25.315,17.677,0.54107375,0.39306,174.2575,17.4780416667,59.752125,98.7042916667,0.398053333333,0.0,15.778,0.76099375,152.821300239
2013-05-03,,17.412,139.611,9.924,13.678,0.259,0.84926,20.064,307.793428571,19.92,104.406714286,113.041285714,0.703078571429,19.3024166667,23.287,15.877,0.689881666667,0.48837,93.0304166667,11.5890833333,35.1324583333,31.3509583333,0.395094166667,0.0208333333333,15.323,0.7759375,19.9777288248
2013-05-04,0.45085,16.312,152.502,6.318,70.804,63.329,0.5525,14.8021428571,191.477142857,5.595,63.9918571429,54.0735714286,0.70389,14.645125,16.882,12.024,0.7430125,0.51389,55.179625,2.32275,22.076375,8.64495833333,0.394539166667,0.1375,14.928,0.79088125,103.414469346
2013-05-05,0.508541666667,12.007,169.372,2.331,-5.661,,0.94097,11.5931428571,88.9188571429,0.308857142857,21.963,,0.961007142857,11.3973333333,12.189,10.652,0.965342083333,0.92237,32.6648333333,-1.92004166667,12.6955833333,5.42,0.418346666667,0.7875,13.577,0.805825,-8.26830844253
2013-05-06,0.582857142857,14.95,232.774,11.87,38.889,45.977,0.87797,16.1001428571,267.136,14.0091428571,58.3588571429,75.8101428571,0.801677142857,14.46975,17.719,11.01,0.850504166667,0.69137,96.98525,5.67104166667,20.2560416667,21.3734090909,0.434202083333,0.129166666667,13.298,0.82076875,56.8002556124
2013-05-07,0.542,19.21,768.221,16.586,221.379,309.335,0.66646,19.8017142857,449.856857143,23.3785714286,109.384857143,155.530285714,0.619655714286,17.7856666667,21.882,14.164,0.7088525,0.53644,152.429708333,11.437625,41.9195416667,52.3017916667,0.423127916667,0.0166666666667,14.398,0.8357125,323.340373556
2013-05-08,0.532916666667,21.785,490.896,16.082,169.91,204.435,0.57907,21.6378571429,378.039,21.9222857143,164.214285714,101.492857143,0.584404285714,19.454625,23.512,15.365,0.670734166667,0.48936,119.437708333,11.1859166667,67.5787916667,35.21375,0.4159575,0.0166666666667,14.773,0.85065625,248.166099182
2013-05-09,0.492666666667,23.309,617.31,17.682,122.797,139.933,0.48463,23.5104285714,416.425142857,28.5761428571,134.866571429,126.765428571,0.49136,18.9037083333,25.132,16.0,0.736830416667,0.40183,128.293541667,12.5210909091,44.8344347826,19.9120434783,0.41763625,1.24166666667,15.5,0.8656,179.354084405
2013-05-10,0.65175,17.974,121.424,12.457,21.143,12.657,0.89145,17.8487142857,139.415428571,12.0012857143,25.4957142857,15.8224285714,0.91084,16.8395416667,18.45,11.015,0.930999583333,0.87474,38.703375,9.045875,4.5805,-9.717875,0.438465416667,0.0291666666667,14.965,0.8666625,30.8809124537
2013-05-11,0.525458333333,8.132,183.14,-9.685,32.67,100.591,0.90304,11.226,379.140571429,1.19,68.4782857143,178.487571429,0.788402857143,10.6328333333,15.564,7.5,0.768422083333,0.35683,111.972125,-4.97495833333,40.9408333333,64.825,0.426425,0.0,14.559,0.867725,47.7169469736
2013-05-12,0.437428571429,8.845,646.563,-9.561,126.601,406.75,0.40236,10.1492857143,614.838857143,8.04057142857,112.166285714,373.317142857,0.384284285714,8.74920833333,12.217,4.375,0.4833875,0.33433,181.760625,-6.336,46.88875,117.906458333,0.419935833333,0.0,12.83,0.8687875,184.910107248
2013-05-13,0.426684210526,12.279,643.509,-1.742,86.937,310.011,0.34422,14.2927142857,648.265142857,16.9422857143,150.291714286,373.337285714,0.303357142857,11.801,17.334,5.924,0.412115,0.25286,196.318583333,-0.247375,61.122625,125.321125,0.412785833333,0.0,12.55,0.86985,126.977906919
2013-05-14,0.4339,19.257,634.118,10.397,27.587,127.639,0.47467,23.1265714286,636.856142857,33.4162857143,121.385428571,256.045714286,0.445485714286,18.9802916667,27.64,10.192,0.498955,0.408,201.708708333,13.4074166667,53.0380833333,61.4075833333,0.4042425,0.0,14.308,0.8709125,40.2928502039
2013-05-15,,25.662,623.683,22.971,162.134,213.908,0.47649,27.261,628.602571429,40.216,179.639714286,243.951,0.447158571429,24.5949583333,29.16,20.532,0.545593333333,0.40701,195.913958333,22.4561666667,77.5960833333,55.002375,0.396860833333,0.0,16.295,0.871975,236.808677093
2013-05-16,0.580764705882,21.204,120.017,14.931,34.732,-8.084,0.83597,21.0818571429,334.313285714,17.8061428571,80.6066666667,73.8151428571,0.75395,20.6675,22.844,18.202,0.779158333333,0.62256,119.906625,13.0417916667,42.8884782609,26.1134166667,0.39211625,0.0333333333333,16.201,0.8730375,50.7286502077
2013-05-17,0.561458333333,24.595,540.1,20.081,234.95,218.027,0.69635,23.9211428571,377.455857143,21.966,164.490857143,84.4842857143,0.67131,20.8706086957,24.912,17.835,-3.42767958333,-99.99,130.878166667,11.9046666667,56.0183913043,34.2066086957,0.391294583333,0.104166666667,16.446,0.8741,343.161820981
2013-05-18,0.527714285714,20.442,298.125,14.35,87.62,70.491,0.85204,21.9994285714,361.218,18.745,123.607285714,93.598,0.770965714286,20.6932083333,25.265,17.964,0.791441666667,0.64711,114.366416667,12.089173913,48.5712916667,30.4419130435,0.390107916667,0.0,16.576,0.8751625,127.975478844
2013-05-19,,24.212,649.529,19.663,325.272,347.151,0.70528,26.2351428571,598.358428571,32.87,262.929142857,206.238,0.620324285714,23.559375,29.065,18.369,0.751020833333,0.50479,197.732791667,17.6728333333,95.4305,61.0436666667,0.386935416667,0.0,17.717,0.876225,475.083770309
2013-05-20,0.625133333333,24.129,517.333,20.011,274.269,135.005,0.79654,25.7522857143,450.470285714,26.2578571429,211.411571429,113.054714286,0.704608571429,24.2499166667,27.759,20.722,0.80920125,0.59283,146.837125,17.7195833333,76.8854166667,26.7120833333,0.381372916667,0.0,18.154,0.8772875,400.59012334
2013-05-21,0.565208333333,22.144,618.823,14.433,208.532,146.66,0.76584,24.4807142857,608.790428571,27.6034285714,253.590285714,153.019285714,0.653177142857,21.820125,26.582,16.584,0.788347083333,0.54239,195.573208333,14.6213333333,89.7220833333,37.7825833333,0.388037083333,0.341666666667,18.552,0.87835,304.576381582
2013-05-22,0.575071428571,20.99,260.355,10.919,58.981,58.347,0.75398,20.4407142857,294.894142857,9.53528571429,91.089,65.3948571429,0.766788571429,19.8855,22.357,17.984,0.8092525,0.66873,102.101416667,6.81208333333,35.0350416667,12.833625,0.38721125,0.104166666667,17.979,0.8794125,86.1461049724
2013-05-23,0.5315,16.832,434.602,3.342,127.962,129.791,0.76625,16.1357142857,253.774857143,2.78271428571,64.7824285714,56.4104285714,0.821245714286,14.280625,17.079,9.132,0.88306625,0.74154,93.1947083333,-2.74841666667,13.6427083333,21.6967391304,0.38865875,0.0625,17.102,0.880475,186.897948229
2013-05-24,0.456,11.272,654.337,-6.15,111.311,304.294,0.71115,13.9928571429,659.063571429,5.22057142857,186.949142857,326.185857143,0.560705714286,11.9366666667,18.795,5.575,0.631707916667,0.36942,201.977541667,-5.998875,68.27625,105.659041667,0.387082916667,0.0,15.12,0.8815375,162.577933412
2013-05-25,0.5045,15.727,387.442,-0.139,169.815,135.339,0.56918,16.3722857143,324.449428571,3.57428571429,111.421,113.271428571,0.4794,13.263375,18.394,9.012,0.589868333333,0.36798,88.3646666667,-4.8325,44.6426666667,31.141826087,0.382941666667,0.0916666666667,14.354,0.8826,248.027344669
2013-05-26,0.521875,14.159,275.184,0.222,82.09,77.455,0.74353,16.2102857143,311.843428571,7.44,139.570571429,99.076,0.680878571429,14.1224583333,18.8,9.464,0.765457083333,0.6057,114.919291667,0.400666666667,49.3195,18.2740833333,0.383685416667,0.0625,14.027,0.8836625,119.898505573
2013-05-27,0.54775,20.627,433.672,13.552,135.08,58.799,0.68813,23.4024285714,429.069142857,20.5104285714,149.623142857,79.3325714286,0.638338571429,19.6373333333,26.414,13.645,0.764118333333,0.52291,157.527166667,11.1590833333,48.984625,3.64073913043,0.4026875,0.504166666667,15.662,0.884725,197.294312739
2013-05-28,,22.692,356.82,17.097,57.544,48.112,0.79774,24.5261428571,359.191428571,23.4938571429,185.497428571,62.6818571429,0.715415714286,22.3448333333,26.969,17.794,0.77769,0.59513,113.515208333,15.2659166667,66.9217083333,-9.60616666667,0.401649583333,0.0,16.887,0.8857875,84.047260381
2013-05-29,0.542,24.552,447.483,17.321,233.426,102.636,0.61098,26.2647142857,552.267714286,27.2761428571,252.416,140.083285714,0.543475714286,24.4587083333,28.61,21.145,0.602605416667,0.43356,181.236916667,16.913875,104.649083333,21.3249583333,0.3921725,0.0,17.906,0.88685,340.935906466
2013-05-30,0.625125,25.765,557.136,20.063,246.635,136.232,0.6589,26.8212857143,524.522,25.7261428571,258.663285714,120.169428571,0.629062857143,24.8110416667,27.747,21.422,0.693113333333,0.59828,176.552583333,16.4990833333,109.035125,14.3234166667,0.384474583333,0.025,18.498,0.8879125,360.228626166
2013-05-31,0.717333333333,19.397,273.536,6.34,123.929,,0.99196,20.8072857143,258.980571429,11.2722857143,132.952571429,30.499,0.941881428571,21.74275,24.627,17.334,0.875917083333,0.72381,77.2026666667,10.7252083333,66.7379090909,-11.7627777778,0.414084583333,1.34166666667,18.359,0.888975,181.007453979
2013-06-01,0.466,18.959,372.212,6.938,263.825,,0.94036,20.0791428571,337.730285714,9.97914285714,171.663428571,74.3114,0.878737142857,20.176625,22.908,17.317,0.89996,0.79654,108.40775,8.007125,65.27,19.2351111111,0.439344583333,0.395833333333,18.276,0.8900375,385.335890276
2013-06-02,0.598791666667,18.614,225.59,4.437,70.975,58.822,0.7653,18.8121428571,294.297714286,5.03228571429,103.196714286,83.472,0.774258571429,17.891,20.414,15.705,0.861192916667,0.71171,108.446583333,2.66075,41.0584583333,21.2,0.426165416667,0.0,17.867,0.8911,103.66422747
2013-06-03,0.5426,14.392,544.147,-4.761,176.649,229.632,0.69048,16.5472857143,511.271,2.88942857143,178.494714286,221.897142857,0.625002857143,15.109,19.634,10.339,0.691727083333,0.53734,173.568833333,-2.78170833333,70.7195416667,81.1888333333,0.41837625,0.0,16.896,0.8921625,258.008906212
2013-06-04,0.542181818182,18.282,638.812,4.421,164.209,215.491,0.54452,20.3467142857,604.989,13.9858571429,220.017714286,211.066714286,0.482971428571,17.7435833333,23.345,11.324,0.559585416667,0.40493,190.861916667,1.922875,86.8177916667,69.269,0.41383,0.0,16.275,0.893225,239.839367787
2013-06-05,0.570764705882,22.287,613.952,9.823,171.442,134.021,0.56099,24.2295714286,546.841714286,17.3808571429,232.496857143,154.910571429,0.51848,21.2857083333,26.739,14.579,0.528055416667,0.40115,174.028333333,7.35554166667,83.858375,44.1652916667,0.403657916667,0.0,16.89,0.8942875,250.403698287
2013-06-06,,18.172,417.808,3.929,70.496,112.249,0.80021,21.5544285714,460.913142857,13.5712857143,158.263285714,151.668,0.716647142857,21.031375,24.907,16.587,0.6868125,0.53818,137.65775,8.45858333333,55.5500833333,45.1240833333,0.39810625,0.0,17.228,0.89535,102.964612606
2013-06-07,0.554,20.355,565.397,7.692,305.571,174.337,0.71202,21.4371428571,453.209142857,11.815,193.384571429,136.853714286,0.658035714286,19.231375,23.24,16.242,0.777954166667,0.60471,134.042833333,5.76541666667,65.8834583333,39.668125,0.3938425,0.0,17.07,0.8964125,446.309005316
2013-06-08,0.5395,19.922,532.342,6.914,203.801,,0.82407,22.4537142857,466.743,12.975,220.107714286,136.906,0.714742857143,20.1565,25.677,14.6,0.737734583333,0.49837,139.312416667,6.09041666667,76.59375,34.8753043478,0.393172083333,0.0,17.13,0.897475,297.6664068
2013-06-09,0.5355,23.192,549.315,13.06,263.449,119.452,0.61862,24.1682857143,436.106857143,17.7654285714,221.932857143,85.3071428571,0.573095714286,21.2561666667,25.525,18.304,0.763618333333,0.48424,134.793416667,9.14491666667,70.94475,12.8265416667,0.387555833333,0.1,17.573,0.8985375,384.786714516
2013-06-10,0.55025,20.862,621.086,10.449,179.492,152.025,0.78778,21.5178571429,435.625285714,14.7271428571,153.530571429,99.0737142857,0.736584285714,20.1352083333,22.435,18.282,0.875770416667,0.66437,151.989416667,8.68929166667,58.1872916667,25.4467916667,0.389143333333,0.0333333333333,17.831,0.8996,262.161317606
2013-06-11,0.533041666667,23.959,617.623,13.321,244.306,211.75,0.65701,25.6534285714,618.106142857,22.8545714286,222.402142857,181.377857143,0.590787142857,22.6092083333,27.84,17.64,0.74744,0.52233,198.8185,11.68375,83.023375,41.0256666667,0.382019166667,0.0,18.518,0.89965,356.826949719
2013-06-12,0.5822,28.245,613.047,20.787,254.655,114.686,0.72787,28.9815714286,457.886428571,26.777,204.34,44.906,0.695792857143,27.0830416667,31.185,22.389,0.757322916667,0.57998,155.692666667,18.20375,93.2349166667,-2.9175,0.374909166667,0.0,19.859,0.8997,371.942428269
2013-06-13,0.5092,19.962,140.073,5.452,57.914,55.279,0.8383,22.0492857143,409.242,9.459,165.032857143,121.498428571,0.71662,23.5029583333,27.994,18.339,0.669470833333,0.43787,128.749708333,9.328125,85.3361666667,27.9336666667,0.36914625,0.0,19.845,0.89975,84.5876726975
2013-06-14,0.547416666667,20.96,633.28,5.264,219.41,241.256,0.73362,23.2041428571,611.467285714,12.848,217.934571429,181.189142857,0.635074285714,20.3568333333,27.034,13.754,0.669195833333,0.45812,198.573875,3.45608333333,83.50625,60.5399166667,0.36385875,0.0,18.641,0.8998,320.464503688
2013-06-15,0.518846153846,23.889,616.864,10.773,311.55,174.173,0.63748,25.1922857143,527.789571429,17.5974285714,223.771285714,111.571857143,0.573315714286,23.165875,27.299,18.452,0.628027083333,0.49631,172.824458333,8.32033333333,84.7143333333,26.5191666667,0.35934125,0.0,18.75,0.89985,455.041776236
2013-06-16,,20.302,250.017,6.061,64.009,12.013,0.91368,20.571,190.512571429,7.18071428571,51.056,-0.642428571429,0.932562857143,21.0112916667,23.432,19.25,0.877005833333,0.64187,67.1611666667,6.34620833333,29.97825,-1.99829166667,0.352696666667,0.0333333333333,18.667,0.8999,93.4898701816
2013-06-17,0.59888,25.759,411.021,14.738,81.667,66.349,0.87557,27.2872857143,531.459714286,21.097,279.268714286,125.384714286,0.711152857143,23.7949583333,30.105,19.342,0.824695,0.55842,172.764791667,11.003625,89.8192173913,33.648,0.349604166667,0.00416666666667,19.462,0.89995,119.280682843
2013-06-18,0.5528,23.724,631.235,9.756,288.194,120.502,0.71432,26.1235714286,522.260714286,17.2027142857,249.744571429,119.768142857,0.6507,21.883375,28.584,18.635,0.784882916667,0.57822,168.099833333,7.29775,88.1245833333,19.5413333333,0.353915,0.329166666667,19.343,0.9,420.9286139
2013-06-19,,21.645,624.744,6.519,222.919,182.4,0.69887,23.6977142857,602.237857143,13.9965714286,238.090714286,159.427,0.645437142857,21.6584583333,26.684,16.067,0.727271666667,0.53391,202.606041667,6.26083333333,95.3540833333,59.6415416667,0.35182875,0.0,19.023,0.90005,325.589657252
2013-06-20,0.512238095238,24.819,588.356,10.944,233.427,80.852,0.61373,26.1968571429,578.792571429,18.066,289.971285714,95.6748571429,0.550721428571,24.2985833333,29.715,19.925,0.583104166667,0.42578,189.441958333,8.95783333333,113.73,19.19475,0.344584583333,0.0,19.488,0.9001,340.93736704
2013-06-21,0.552217391304,26.314,621.304,13.315,173.988,80.062,0.625,27.7874285714,629.470285714,21.2892857143,305.420857143,146.961428571,0.557975714286,25.1724166667,29.825,20.377,0.621476666667,0.48964,205.814916667,11.0434583333,112.742625,31.248,0.336725,0.0,19.907,0.90015,254.122319254
2013-06-22,,27.264,589.615,16.554,273.551,116.922,0.71014,26.0141428571,364.691714286,15.9214285714,161.295,65.4665,0.746192857143,23.3104583333,28.977,20.062,0.845714166667,0.65309,111.704166667,8.43320833333,55.075,4.1550952381,0.3586625,1.40416666667,20.486,0.9002,399.541431331
2013-06-23,0.621,25.504,627.07,13.819,226.812,141.012,0.79896,24.2251428571,307.419428571,13.0371428571,108.696714286,49.0151666667,0.836101428571,22.4100416667,26.532,19.084,0.88975375,0.72979,125.609666667,6.79533333333,54.8222916667,-0.659434782609,0.416187916667,0.670833333333,19.879,0.90025,331.275671165
2013-06-24,0.685736842105,23.572,298.079,10.124,95.989,38.55,0.81672,25.0174285714,443.257714286,17.2354285714,182.056714286,92.5007142857,0.77233,23.4268333333,27.09,20.997,0.870079166667,0.70586,141.256333333,10.738625,70.22375,21.6699166667,0.417517916667,0.0,20.428,0.9003,140.199021214
2013-06-25,,26.767,223.613,15.206,118.145,3.45,0.80427,28.1238571429,465.221571429,22.6714285714,229.033714286,81.072,0.728934285714,25.0989565217,29.927,20.624,-3.36486916667,-99.99,157.83525,12.5986666667,86.1037826087,14.7054347826,0.40548875,0.279166666667,21.092,0.90035,172.559494955
2013-06-26,0.735266666667,24.287,573.434,10.647,239.78,144.308,0.84062,23.8867142857,247.074428571,11.4824285714,125.158428571,26.2945714286,0.868701428571,21.0083181818,25.682,18.71,-7.47498458333,-99.99,83.1112916667,4.11268181818,44.7261818182,-11.9637142857,0.431280416667,0.570833333333,20.25,0.9004,350.216392572
2013-06-27,0.719913043478,25.169,611.87,14.374,355.888,93.987,0.88033,27.1511428571,570.601571429,21.078,293.402857143,112.600666667,0.760942857143,24.5472083333,29.87,19.682,0.83449625,0.60305,197.643625,11.932625,160.083,40.7198666667,0.426577916667,0.00416666666667,20.994,0.90045,519.800698639
2013-06-28,,25.634,626.395,10.303,415.076,89.869,0.60415,26.784,637.964857143,15.3354285714,307.275428571,137.823857143,0.531265714286,24.3478333333,28.162,18.96,0.673692916667,0.45519,214.472916667,8.17341666667,109.921458333,33.7537916667,0.412912916667,0.1,20.844,0.9005,606.249142394
2013-06-29,0.6016875,21.649,476.582,4.558,222.072,121.711,0.80485,22.1082857143,354.584571429,7.24814285714,183.586285714,104.720285714,0.784392857143,19.8505,23.285,17.399,0.88568625,0.71974,118.667708333,0.775,60.7318333333,26.960875,0.407434166667,0.0791666666667,20.193,0.90055,324.352551219
2013-06-30,0.665105263158,21.482,672.59,6.787,186.531,166.084,0.85537,21.4177142857,422.441571429,8.543,98.8477142857,98.0632857143,0.810938571429,19.466125,22.165,17.469,0.899033333333,0.75958,153.668333333,2.22925,36.8895833333,24.8568333333,0.403187916667,0.0208333333333,19.384,0.9006,272.442296784
2013-07-01,0.534,19.872,160.527,2.279,25.35,3.053,0.84602,19.6912857143,190.078285714,3.02385714286,34.602,34.5402857143,0.882198571429,18.6625,20.252,17.7,0.918737916667,0.84295,67.6468333333,-0.0590833333333,13.3302608696,0.950045454545,0.400675416667,0.1625,18.953,0.90065,37.0255465498
2013-07-02,0.662375,19.81,333.6,2.083,78.351,74.901,0.94548,21.9927142857,347.465857143,8.06885714286,138.284285714,85.2555714286,0.843932857143,19.6914166667,24.764,16.809,0.902104166667,0.63053,113.322583333,3.12704166667,51.0047916667,26.707375,0.405339166667,0.220833333333,18.891,0.9007,114.437420028
2013-07-03,0.585,20.324,570.603,8.561,197.533,108.907,0.81611,22.0132857143,509.596428571,11.4024285714,191.872571429,89.7235714286,0.751774285714,20.8155652174,24.45,17.374,-3.37539208333,-99.99,177.389833333,5.10916666667,79.6597083333,25.1740434783,0.409590416667,0.00416666666667,19.037,0.90075,288.511530044
2013-07-04,0.625636363636,23.437,295.363,8.876,159.294,64.245,0.78388,23.069,230.193428571,8.84828571429,100.163714286,23.4737142857,0.796345714286,21.4269583333,23.472,19.814,0.83175625,0.77688,62.66275,4.308625,33.8975833333,6.68320833333,0.40223375,0.0,18.976,0.9008,232.66064742
2013-07-05,0.656263157895,21.905,408.066,7.156,151.072,61.497,0.84612,23.717,458.361857143,12.0654285714,244.385857143,109.878428571,0.782584285714,21.839125,25.927,18.462,0.86335,0.68679,165.21775,7.18266666667,86.9330416667,34.962,0.3962875,0.0,19.456,0.90085,220.651809403
2013-07-06,,20.294,117.634,4.138,66.509,33.063,0.94387,20.7458571429,202.614857143,5.55185714286,61.5981428571,11.8958571429,0.891092857143,20.7747916667,21.932,19.61,0.92713625,0.79553,63.4415833333,4.96533333333,27.1154583333,-7.66456521739,0.39337375,0.129166666667,19.282,0.9009,97.1413047526
2013-07-07,0.71025,23.127,622.535,9.53,224.19,149.842,0.80906,24.9924285714,566.319,17.7685714286,247.763,93.4885714286,0.713384285714,22.792375,27.8,18.645,0.814284583333,0.57372,186.523458333,9.033625,92.421625,21.4520833333,0.3914625,0.00416666666667,20.044,0.90095,327.446046587
2013-07-08,0.6712,26.52,399.0,14.311,147.439,16.293,0.7351,26.953,372.161428571,17.0911428571,149.584571429,44.3608571429,0.753897142857,25.1022083333,28.995,21.265,0.797695416667,0.65725,136.636458333,11.1960833333,70.483125,9.36033333333,0.3832075,0.0,20.636,0.901,215.345544684
2013-07-09,,27.025,315.647,15.883,116.898,44.793,0.8091,27.7847142857,341.970285714,18.4127142857,153.109714286,42.3698571429,0.789972857143,26.3869583333,29.83,23.38,0.825535833333,0.69976,125.864625,13.9347083333,64.00525,-7.438625,0.375795416667,0.05,21.344,0.90105,170.738159391
2013-07-10,0.719782608696,27.964,370.361,18.353,134.694,47.264,0.79776,24.4708571429,248.997428571,10.5434285714,85.7894285714,20.1355714286,0.852595714286,25.0133333333,27.964,20.302,0.83710875,0.70403,102.696291667,9.63454166667,50.61075,8.308375,0.370775416667,0.0458333333333,21.383,0.9011,196.730531242
2013-07-11,0.582454545455,22.167,585.17,1.98,178.222,115.592,0.63736,23.2765714286,546.710571429,6.63928571429,220.904714286,109.348857143,0.577824285714,21.6314583333,25.049,17.685,0.67865375,0.4748,187.511791667,1.16645833333,90.2047083333,28.5480833333,0.366232083333,0.025,20.815,0.90115,260.306388844
2013-07-12,,22.535,626.772,3.888,147.005,169.235,0.68285,23.9158571429,629.271142857,10.1671428571,250.095857143,147.010142857,0.566611428571,21.30925,26.202,16.46,0.634453333333,0.45196,200.216083333,0.520541666667,96.106,45.3260833333,0.3585475,0.0,19.819,0.9012,214.711655643
2013-07-13,0.587368421053,22.804,617.551,4.906,218.91,163.991,0.71348,24.6632857143,610.355857143,12.8928571429,234.743714286,153.487,0.634587142857,22.2595,27.074,16.637,0.705975,0.55142,189.173166667,4.16579166667,81.20425,43.9489166667,0.35079625,0.0,19.839,0.89943125,319.734216774
2013-07-14,0.626470588235,26.932,614.542,13.152,349.614,140.535,0.70493,28.4758571429,591.847857143,20.0985714286,324.670571429,118.673285714,0.62488,25.86425,30.655,19.842,0.70657625,0.55262,205.243666667,11.122375,124.027166667,30.1299166667,0.34277125,0.00833333333333,20.818,0.8976625,510.63705844
2013-07-15,,26.729,564.049,14.239,224.158,117.402,0.73423,27.9801428571,627.977571429,20.961,341.248428571,154.971857143,0.684258571429,26.5722916667,30.444,22.724,0.7556625,0.58203,222.188708333,13.3580833333,124.738625,44.760625,0.329280833333,0.0375,21.732,0.89589375,327.399308225
2013-07-16,0.638933333333,29.109,172.345,13.553,52.244,-12.645,0.65171,30.3464285714,490.073,17.959,278.004428571,94.0778571429,0.615154285714,28.82825,32.64,25.217,0.640337083333,0.53402,176.584666667,12.5675833333,113.497541667,36.8946666667,0.321209583333,0.0,22.019,0.894125,76.3062190906
2013-07-17,0.580869565217,29.777,509.603,16.321,231.758,95.903,0.68508,30.9245714286,537.641714286,21.4308571429,255.389142857,82.4892857143,0.621087142857,29.237875,32.827,25.262,0.659852083333,0.53019,185.724833333,13.5714583333,98.3484166667,31.4869166667,0.313482916667,0.0,22.517,0.89235625,338.499669321
2013-07-18,,29.812,285.666,14.821,350.935,69.383,0.66953,30.9815714286,520.591571429,20.923,340.126857143,94.47,0.612558571429,29.314625,32.5,26.02,0.666574583333,0.54595,173.844291667,13.0625833333,131.003,29.1425,0.306325,0.0,22.835,0.8905875,512.566476467
2013-07-19,0.553416666667,28.34,638.782,14.494,289.699,115.043,0.74022,29.0547142857,559.739285714,19.4947142857,277.860428571,89.2011428571,0.700617142857,27.306375,30.132,23.527,0.785610416667,0.65211,188.298791667,11.4990416667,105.460041667,21.1889166667,0.2994875,0.0,23.02,0.88881875,423.126777512
2013-07-20,0.599727272727,27.39,593.422,11.492,262.951,123.156,0.75979,23.5938333333,226.022,1.43685714286,97.7477142857,45.8455,-13.5395557143,23.0073913043,28.249,19.685,-3.31337833333,-99.99,68.7285,1.04333333333,29.3115,-3.43169565217,0.33256125,1.16666666667,22.621,0.88705,384.05934875
2013-07-21,,25.31,556.541,7.311,212.119,70.937,0.73534,26.4557142857,453.084857143,14.8261428571,230.658285714,59.0547142857,0.709411428571,23.8893333333,27.735,19.794,0.797125833333,0.66265,148.577375,4.77920833333,77.832375,16.70875,0.355884583333,0.0,21.483,0.88528125,309.815459905
2013-07-22,0.689526315789,22.85,455.96,5.582,92.642,115.072,0.93839,23.8058571429,355.624857143,8.45257142857,104.309857143,68.2584285714,0.87947,22.8926666667,26.447,19.72,0.894762916667,0.75554,128.075375,4.48195833333,42.9889583333,16.006375,0.369761666667,0.491666666667,21.374,0.8835125,135.31048061
2013-07-23,0.758875,26.84,577.428,13.64,195.01,113.598,0.82888,26.158,542.071142857,17.8594285714,223.493571429,78.7851428571,0.796625714286,24.301625,28.84,20.989,0.82695625,0.64596,180.404333333,7.87420833333,99.7928333333,19.1250416667,0.355510833333,0.0291666666667,21.93,0.88174375,284.826502275
2013-07-24,0.536888888889,18.649,608.716,-7.768,165.207,234.121,0.72364,20.5042857143,597.073,1.49071428571,203.800285714,172.669428571,0.658794285714,18.8345416667,23.12,13.9,0.70413625,0.55823,186.726875,-5.96541666667,74.0482083333,54.0597916667,0.346222083333,0.0,21.482,0.879975,241.297020467
2013-07-25,0.4976,19.682,617.271,-3.384,223.963,137.89,0.62959,21.7382857143,636.607285714,6.60728571429,238.407714286,157.155571429,0.551755714286,19.6306666667,25.362,14.285,0.638397916667,0.45183,198.117041667,-3.94633333333,91.0760416667,52.5462083333,0.33705125,0.0,19.6,0.87820625,327.114496328
2013-07-26,0.554076923077,22.447,591.438,3.418,307.882,114.99,0.61195,23.318,502.174714286,9.52842857143,237.004142857,94.2327142857,0.598611428571,21.3629166667,24.254,18.52,0.6554775,0.5646,161.074833333,0.412208333333,87.6793333333,24.3672916667,0.328547916667,0.00416666666667,19.499,0.8764375,449.684391433
2013-07-27,0.5424,19.912,508.617,1.598,124.809,111.043,0.78383,21.157,531.699857143,6.93328571429,213.707285714,119.294333333,0.675342857143,19.4362083333,22.89,15.68,0.780484166667,0.54358,172.194875,0.070375,85.275375,27.9949,0.327255416667,0.233333333333,19.5,0.87466875,182.292758948
2013-07-28,0.496125,17.792,614.516,-6.308,182.254,167.449,0.57467,19.0238571429,529.203285714,0.712857142857,201.199428571,147.272571429,0.54008,16.766375,20.71,11.862,0.666768333333,0.50074,164.097958333,-7.29379166667,76.785375,43.632125,0.3219225,0.0,18.848,0.8729,266.19542252
2013-07-29,0.448142857143,20.755,615.375,1.381,136.159,109.535,0.59469,22.1887142857,596.412714286,8.68485714286,197.452428571,120.305,0.553435714286,20.1835,24.382,16.244,0.622314583333,0.49022,181.876916667,-0.0513333333333,80.014625,34.7015833333,0.314034583333,0.0,18.436,0.8735375,198.8702719
2013-07-30,0.472684210526,20.272,258.921,1.994,88.724,21.02,0.75681,21.8787142857,203.642857143,5.38528571429,67.522,1.60142857143,0.721924285714,20.2983333333,23.587,18.424,0.740419166667,0.58564,60.0260833333,1.35433333333,27.5735416667,-9.87570833333,0.304849166667,0.00416666666667,18.583,0.874175,129.58795235
2013-07-31,0.6841,20.702,194.49,4.69,51.47,21.167,0.91617,21.2777142857,194.119285714,6.56928571429,56.8864285714,28.1132857143,0.90646,20.3739583333,23.845,17.84,0.927032083333,0.83501,76.4197083333,4.17,23.9014166667,11.057625,0.299530833333,0.025,19.025,0.8748125,75.1757349474
2013-08-01,0.559533333333,21.949,596.294,6.082,122.923,147.944,0.80274,24.134,626.128142857,13.6254285714,254.799,152.429428571,0.624052857143,22.0983333333,26.514,18.102,0.7576825,0.43548,210.929541667,6.43625,95.9310416667,37.7124166667,0.297197083333,0.0833333333333,19.772,0.87545,179.538116708
2013-08-02,0.493333333333,23.067,460.409,5.294,137.467,3.664,0.65906,23.6915714286,325.261285714,9.12714285714,113.210714286,13.907,0.687638571429,22.0069583333,24.647,18.424,0.702199583333,0.55472,91.5995,2.44404166667,45.5505,-7.474375,0.292109166667,0.0,19.447,0.8760875,200.780702468
2013-08-03,0.5355,23.814,423.638,9.581,175.773,103.85,0.82322,25.0308571429,510.493142857,14.5228571429,228.840142857,126.767428571,0.750302857143,23.2212083333,26.865,19.555,0.763069583333,0.55533,177.647916667,7.62570833333,90.0064583333,31.042375,0.287264583333,0.0291666666667,20.135,,256.729443538
2013-08-04,0.450785714286,20.482,602.975,-0.409,154.915,97.975,0.64389,22.5471428571,591.151142857,7.31342857143,252.918714286,130.701285714,0.543944285714,20.6532916667,25.027,15.68,0.588612916667,0.43339,175.941916667,-0.761083333333,95.4767916667,40.668625,0.2823375,0.0,19.837,,226.264794625
2013-08-05,0.462428571429,22.167,586.841,3.281,241.287,110.7,0.60976,23.4274285714,554.983857143,11.1904285714,275.058428571,115.505428571,0.552805714286,21.6155,24.885,17.934,0.599651666667,0.50317,172.620583333,2.1195,99.7505,28.5345416667,0.276304166667,0.0,19.147,,352.417477331
2013-08-06,0.430666666667,22.207,255.836,7.065,98.27,62.83,0.85934,23.3607142857,213.692142857,8.86642857143,71.6725714286,49.3265714286,0.852674285714,22.5966666667,26.36,19.675,0.844697083333,0.71949,88.2940833333,6.08133333333,35.8385416667,15.6019130435,0.272038333333,0.0,19.806,,143.530590116
2013-08-07,0.542538461538,23.982,274.819,10.073,108.641,68.733,0.91395,25.3078571429,283.083714286,12.9447142857,118.735714286,47.8031428571,0.857732857143,23.922,26.834,21.21,0.923237083333,0.78565,91.3270416667,8.92783333333,42.7947727273,8.9103,0.269650833333,0.0375,20.593,,158.67820129
2013-08-08,0.549466666667,25.764,420.399,11.46,222.375,43.885,0.86402,27.1708571429,456.620857143,16.8171428571,245.022714286,96.5504285714,0.759801428571,24.594875,28.844,22.05,0.86000625,0.67244,144.380541667,9.86433333333,78.143375,21.5477916667,0.274955416667,0.525,21.339,0.8799125,324.795105089
2013-08-09,0.495,23.345,418.115,6.847,142.586,90.223,0.93243,25.4042857143,494.602428571,11.6648571429,236.708428571,108.583,0.808102857143,23.2858823529,28.055,21.237,-28.5330416667,-99.99,213.114529412,7.314875,105.160625,46.3154,0.284179583333,0.00416666666667,21.215,0.88055,208.257379895
2013-08-10,0.509588235294,25.472,574.528,6.759,197.61,73.66,0.70957,26.8307142857,549.009428571,12.4138571429,204.193571429,106.427428571,0.619982857143,26.08625,29.159,21.0,-32.9008479167,-99.99,294.729866667,6.17316666667,132.496866667,55.1770666667,0.277698333333,0.0,21.168,0.8811875,288.623994229
2013-08-11,0.466428571429,25.074,576.638,6.683,204.111,108.611,0.62831,26.1517142857,594.652428571,10.7935714286,279.036,130.395,0.576457142857,24.7147083333,27.775,21.902,0.638483333333,0.48168,188.042708333,4.85170833333,104.609458333,49.1656521739,0.27068625,0.0,20.99,0.881825,298.119184687
2013-08-12,0.496444444444,24.157,458.26,6.039,171.314,81.902,0.70518,25.5577142857,428.229142857,9.95014285714,176.606857143,59.9981428571,0.665964285714,23.9105,26.929,20.942,0.71612375,0.62183,128.341625,3.716125,57.6985416667,16.4459583333,0.265262916667,0.0,20.746,0.8824625,250.216744837
2013-08-13,0.451571428571,21.965,477.467,2.8,155.674,118.52,0.81254,22.4942857143,440.230428571,3.97414285714,186.375285714,110.721,0.718301428571,20.5627083333,23.07,15.435,0.786262083333,0.5712,132.904041667,-0.341208333333,71.2917916667,22.658125,0.260786666667,0.0,20.63,0.8831,227.373370161
2013-08-14,0.396117647059,16.395,605.478,-8.825,164.947,233.483,0.61667,18.1575714286,627.875285714,-4.559,190.817714286,208.183714286,0.539178571429,15.892375,20.93,11.3,0.632448333333,0.43294,197.38225,-10.508125,74.01875,61.3047916667,0.257707083333,0.0,19.15,0.8837375,240.917271272
2013-08-15,0.42175,18.419,332.73,-2.694,130.771,84.16,0.69149,19.3882857143,411.673428571,-0.157285714286,186.013714286,93.2455714286,0.614268571429,16.898375,20.749,11.992,0.657227083333,0.5337,121.092583333,-6.47304166667,66.0899583333,24.650875,0.253672083333,0.0,17.44,0.884375,191.000700113
2013-08-16,0.400909090909,18.577,458.382,-0.47,120.277,171.65,0.74959,20.8504285714,510.199857143,4.31757142857,174.967142857,119.153428571,0.617581428571,18.3920833333,23.467,13.692,0.667777916667,0.51645,147.385833333,-2.059625,63.0231666667,32.397875,0.249571666667,0.0,17.769,0.8850125,175.673438358
2013-08-17,0.388,20.724,498.769,2.731,141.668,89.331,0.72712,22.8844285714,492.368714286,7.53914285714,184.648714286,91.7432857143,0.626792857143,20.1298333333,26.175,14.475,0.675978333333,0.51441,148.878416667,1.115,63.099375,25.9868333333,0.245409583333,0.0,18.246,0.88565,206.916573121
2013-08-18,0.405523809524,23.664,560.502,7.443,308.144,156.86,0.72613,25.1505714286,541.123714286,10.598,260.737571429,128.482857143,0.584312857143,22.6590833333,27.909,16.704,0.6351875,0.43889,163.049916667,3.88304166667,88.1629583333,38.6829583333,0.241045416667,0.0,18.783,0.8862875,450.067061776
2013-08-19,0.4478,25.77,549.109,8.398,292.005,125.949,0.59638,26.7711428571,464.496857143,11.6701428571,206.734428571,98.1967142857,0.533597142857,25.0170416667,28.902,21.099,0.549875833333,0.4748,126.440875,5.03891666667,75.7772173913,29.2579583333,0.236849583333,0.0,19.273,,426.49486076
2013-08-20,0.395947368421,25.929,523.77,10.05,422.906,94.53,0.63499,27.3812857143,530.103142857,13.6904285714,355.276142857,137.574857143,0.566831428571,24.8565,29.405,21.542,0.631747916667,0.49379,153.588916667,7.0865,119.09775,38.1139583333,0.2322325,0.0,20.07,,617.68543547
2013-08-21,0.376,25.9,581.733,10.903,230.496,119.258,0.77587,27.7727142857,460.437857143,14.0321428571,229.868,96.7001428571,0.687952857143,24.9210416667,29.609,20.23,0.782551666667,0.52764,138.286833333,7.82833333333,74.6577083333,26.5651666667,0.229121666667,0.0,20.52,,336.656425149
2013-08-22,0.4448,26.385,505.538,11.093,137.948,106.879,0.72261,26.8252857143,437.602714286,13.2744285714,171.871714286,46.079,0.709294285714,24.1195833333,28.582,21.45,0.790388333333,0.61857,127.6115,6.39575,51.9165,1.884,0.236202916667,0.4625,20.891,,201.483238479
2013-08-23,0.496,24.054,557.927,6.395,156.941,81.908,0.79673,26.0664285714,560.626714286,11.902,188.104428571,116.597428571,0.694278571429,23.56225,28.36,19.57,0.76324125,0.53358,178.214291667,5.40870833333,70.369625,36.64,0.242969583333,0.00416666666667,20.764,,229.223917202
2013-08-24,0.44775,25.502,554.122,5.486,171.677,70.4,0.69642,27.0597142857,551.837857143,10.2894285714,233.811857143,106.98,0.569358571429,24.1225833333,30.705,18.419,0.607725,0.37064,155.726125,2.954875,85.0835416667,22.52725,0.236755,0.0,20.39,0.8901125,250.746933137
2013-08-25,0.410375,25.254,542.526,6.719,225.152,59.958,0.58565,27.4858571429,560.730857143,11.2367142857,254.399,123.420857143,0.47655,25.21675,30.129,20.025,0.52812875,0.34685,156.284916667,3.72779166667,89.1837916667,32.1629166667,0.231004166667,0.0,20.35,0.89075,328.85111861
2013-08-26,0.452764705882,26.542,418.54,11.577,155.095,64.902,0.75699,28.0337142857,422.375142857,14.731,211.251833333,100.793666667,0.67399,25.52675,29.874,21.144,0.744113333333,0.52212,124.281333333,7.24766666667,80.195125,28.202875,0.226335833333,0.0,21.022,0.8913875,226.527697915
2013-08-27,0.477428571429,26.049,326.012,11.128,107.359,41.391,0.8243,28.2771428571,427.349285714,15.5234285714,204.919428571,56.3461428571,0.73044,26.040625,30.299,22.122,0.8181575,0.61352,125.208541667,9.59329166667,104.165294118,19.4865882353,0.222907083333,0.0,21.795,0.892025,156.805745642
2013-08-28,0.426666666667,28.332,501.608,10.864,157.881,82.445,0.63466,30.4267142857,553.067571429,15.4222857143,255.704285714,126.332,0.560951428571,27.4526666667,32.98,23.592,0.733452916667,0.47421,173.978833333,10.2185416667,80.3860833333,27.1224583333,0.218747916667,0.0708333333333,22.447,0.8926625,230.596856601
2013-08-29,0.4581,25.505,350.559,7.91,150.248,64.659,0.90824,27.8777142857,500.215857143,11.6588571429,189.647857143,96.1778571429,0.744907142857,25.85625,30.864,21.785,0.781937083333,0.51899,153.477416667,7.02291666667,67.3518333333,22.4095416667,0.215655416667,0.0,22.264,0.8933,219.448296568
2013-08-30,0.443928571429,27.229,522.434,9.445,216.067,162.623,0.71561,29.3418571429,516.387714286,13.6667142857,225.61,123.356285714,0.622215714286,26.7390833333,32.42,21.519,0.726744583333,0.5281,152.868958333,7.33295833333,77.0147083333,27.0298333333,0.215412916667,0.0,22.416,0.89106875,315.581805379
2013-08-31,0.482444444444,28.105,494.892,11.716,158.741,129.13,0.77299,30.3722857143,511.797857143,16.9407142857,256.229571429,118.894714286,0.680215714286,26.026375,33.342,20.224,0.804487916667,0.55093,170.431291667,7.638125,129.240833333,50.9976956522,0.2260775,0.8,23.198,0.8888375,231.852950093
2013-09-01,0.556,23.714,470.933,4.252,132.168,109.999,0.8297,25.2878571429,412.269857143,8.75514285714,167.864142857,92.8955714286,0.789865714286,23.1719166667,28.245,19.71,0.875481666667,0.65978,126.797875,3.13566666667,63.2435833333,14.0422083333,0.2323175,0.0333333333333,21.995,0.88660625,193.041121751
2013-09-02,0.5505,23.584,490.247,5.497,194.088,152.763,0.87935,25.2105714286,500.649285714,8.46414285714,190.954428571,146.408142857,0.75559,23.431875,28.085,20.289,0.802772916667,0.51796,154.307208333,2.99258333333,70.365375,36.5515833333,0.228104166667,0.0,21.677,0.884375,283.479853205
2013-09-03,0.39275,18.23,550.24,-8.62,136.657,133.131,0.6278,20.3548571429,567.251142857,-3.29985714286,165.387857143,180.919,0.571554285714,19.15825,23.79,14.334,0.662955833333,0.49757,161.847166667,-6.88591666667,62.9425416667,57.1099166667,0.223998333333,0.0,21.129,0.88214375,199.597637667
2013-09-04,0.38575,22.044,534.703,0.434,173.929,170.563,0.57921,24.0831428571,552.706571429,5.112,196.950857143,161.941714286,0.524438571429,22.0755416667,27.172,18.127,0.578705416667,0.44295,146.392458333,-2.110125,69.0280416667,52.1495,0.219454583333,0.0,19.581,0.8799125,254.036145399
2013-09-05,0.387956521739,23.197,353.353,3.968,139.856,65.127,0.69279,25.8702857143,468.029857143,8.76871428571,210.710857143,99.2247142857,0.596592857143,23.7252083333,29.562,19.132,0.635804583333,0.44805,127.081541667,2.51925,72.1629583333,12.7996666667,0.215225,0.0,20.114,0.87768125,204.270013344
2013-09-06,0.406888888889,21.967,517.517,-0.526,196.001,144.234,0.56517,25.1845714286,523.013428571,6.38185714286,182.454285714,146.768714286,0.544382857143,22.6222916667,29.157,15.794,0.617750416667,0.51662,148.79925,1.29070833333,73.505125,42.7812083333,0.211825416667,0.0,19.967,0.87545,286.273930939
2013-09-07,0.357833333333,24.849,482.098,7.519,149.861,112.832,0.71894,26.245,502.977285714,11.7365714286,219.179142857,144.352571429,0.64096,23.7369166667,28.655,18.777,0.681846666667,0.51667,145.039458333,4.03741666667,76.4942916667,34.3902083333,0.210564166667,0.0,20.413,0.87321875,218.883054497
2013-09-08,0.43075,26.694,386.873,10.481,209.309,49.97,0.87019,27.6378571429,446.809285714,14.2644285714,254.096571429,93.537,0.742634285714,24.9214166667,29.604,21.675,0.800545416667,0.62688,128.413833333,7.35429166667,79.0143333333,23.336375,0.21401875,0.266666666667,21.323,0.8709875,305.711247447
2013-09-09,0.46,26.467,470.593,8.56,202.711,105.059,0.72106,28.7441428571,503.347142857,15.1888571429,243.583571429,114.25,0.63874,25.8875,31.562,20.422,0.7710475,0.53872,145.275791667,8.09970833333,82.801625,20.5332916667,0.211512083333,0.0,22.033,0.86875625,296.074381327
2013-09-10,0.449052631579,28.564,484.912,12.519,208.487,134.133,0.75014,30.7882857143,490.787571429,17.0328571429,260.388714286,114.216,0.6171,26.235625,33.435,22.542,0.796695833333,0.45936,135.124875,7.95870833333,83.7637083333,19.5250833333,0.20978,0.1875,22.84,0.866525,304.51065576
2013-09-11,0.427,26.912,491.061,9.498,155.078,92.253,0.78461,29.3197142857,510.018857143,15.1264285714,240.656142857,125.581857143,0.633742857143,26.3577916667,32.094,21.785,0.748865,0.47052,141.681,7.09141666667,80.2062916667,15.0203333333,0.209542083333,0.0,22.626,0.86429375,226.50286816
2013-09-12,0.469533333333,21.175,173.171,0.862,9.02,-8.519,0.96298,22.4038571429,246.563857143,2.85157142857,62.0382857143,29.2584285714,0.902915714286,23.0497083333,25.524,19.597,0.83259625,0.48285,59.3169583333,1.82375,23.337,-3.45808333333,0.212400833333,0.279166666667,22.097,0.8620625,13.1743759321
2013-09-13,0.386777777778,16.337,533.61,-13.372,163.871,249.284,0.56779,16.8514285714,438.348285714,-10.6252857143,164.063714286,180.274285714,0.53869,15.884375,18.722,12.797,0.623367916667,0.44647,106.097125,-13.393125,57.9882916667,40.5177083333,0.212450833333,0.0,20.883,0.85983125,239.345693833
2013-09-14,0.340208333333,15.187,528.635,-10.483,161.507,305.397,0.65981,17.7021428571,528.066571429,-4.05285714286,179.596714286,235.142,0.564097142857,14.837,22.25,7.542,0.603871666667,0.39786,132.421666667,-11.964375,67.1895,71.3130416667,0.209482916667,0.0,17.547,0.8576,235.892897302
2013-09-15,0.34844,18.05,468.477,-2.908,86.604,116.84,0.61395,20.14,493.619,2.73457142857,173.021,179.150428571,0.535778571429,17.684375,23.227,11.95,0.573694583333,0.44811,133.626541667,-4.83191666667,62.7912916667,42.306125,0.205168333333,0.0,17.392,0.8566875,126.491535834
2013-09-16,0.3548,16.927,219.783,-2.604,34.024,69.749,0.80225,18.153,262.528,-0.519571428571,65.6017142857,64.111,0.745907142857,16.97225,20.757,13.482,0.75857875,0.58003,66.3825416667,-3.03666666667,24.342125,15.6066666667,0.203290833333,0.0,17.395,0.855775,49.6945639372
2013-09-17,0.340583333333,17.277,378.486,-2.391,105.251,130.563,0.71773,19.8972857143,438.386857143,2.871,174.328714286,145.383571429,0.59505,16.707,22.734,10.7,0.695091666667,0.46463,111.837625,-4.08208333333,58.6887916667,40.3112916667,0.202081666667,0.0,17.085,0.8548625,153.726856012
2013-09-18,0.336708333333,19.6,293.794,2.545,42.635,57.092,0.76582,21.8187142857,340.002857143,7.35442857143,113.592,90.044,0.73885,19.9765,24.91,16.484,0.752186666667,0.61399,94.7382916667,2.35979166667,40.0281666667,18.5139583333,0.21072625,0.0,18.229,0.85395,62.2715651735
2013-09-19,0.525583333333,18.947,22.874,2.542,-5.486,,0.9944,21.485,296.725857143,10.5308571429,74.593,126.822666667,0.922691428571,21.4474583333,25.68,18.277,0.936389166667,0.79036,80.9837083333,7.60258333333,23.812125,-5.05622222222,0.296894166667,2.52083333333,19.297,0.8530375,-8.01270802256
2013-09-20,0.603583333333,24.285,412.359,11.82,125.181,56.157,0.78292,23.0978571429,184.614571429,10.0635714286,43.96,24.2618333333,0.872604285714,21.6062916667,24.48,19.394,0.935100416667,0.77853,46.537625,6.27979166667,9.891875,-5.50617391304,0.332151666667,0.325,19.545,0.852125,182.836092412
2013-09-21,0.629208333333,16.332,457.463,-10.06,168.898,144.481,0.82022,18.102,406.508857143,-5.46714285714,179.15,111.435285714,0.635208571429,16.4710833333,20.074,11.984,0.741213333333,0.45272,105.20325,-8.84429166667,59.2927727273,18.9156666667,0.33749375,0.0916666666667,19.357,0.8512125,246.687998468
2013-09-22,0.50175,15.362,475.365,-8.67,89.578,153.111,0.75474,17.3464285714,475.73,-3.49642857143,136.725428571,170.154142857,0.646402857143,15.011375,20.0,10.235,0.674287916667,0.50162,114.864625,-11.45475,49.2321666667,52.4024166667,0.324728333333,0.0,17.25,0.8503,130.8352824
2013-09-23,0.470291666667,15.654,492.603,-5.964,165.111,154.744,0.65326,17.9821428571,499.217571429,0.350142857143,169.503857143,168.858142857,0.563562857143,15.1619583333,21.002,9.3,0.621862083333,0.44626,119.815375,-8.51583333333,57.8665416667,32.5850833333,0.31446875,0.0,16.177,0.8493875,241.15680538
2013-09-24,0.493625,16.995,486.952,-2.642,104.887,197.14,0.74847,20.593,490.497428571,6.28542857143,172.048714286,165.784571429,0.679018571429,17.2335,24.467,9.769,0.721364166667,0.56326,126.208208333,-2.13125,55.0011666667,37.1905,0.305015416667,0.0,16.587,0.848475,153.195207139
2013-09-25,0.529333333333,19.895,469.102,2.782,105.945,145.098,0.80216,22.0954285714,399.941,7.82442857143,140.020714286,102.327571429,0.69108,19.6967916667,25.459,14.22,0.715962916667,0.56458,101.598,2.416875,49.2880833333,30.6115,0.296693333333,0.0,17.265,0.8475625,154.740494249
2013-09-26,0.45944,18.697,473.406,-2.299,144.113,96.128,0.72461,21.5605714286,478.485714286,4.73942857143,164.011857143,117.569285714,0.586264285714,19.0034583333,26.752,11.769,0.635061666667,0.44783,113.944666667,-1.71766666667,54.0988333333,31.9300833333,0.289288333333,0.0,17.069,0.84665,210.487676131
2013-09-27,0.471541666667,21.997,458.953,1.973,269.113,105.188,0.66234,23.9485714286,481.997142857,8.24485714286,227.985142857,134.540714286,0.543064285714,20.8124583333,26.635,14.629,0.59407125,0.44691,118.283458333,0.92425,79.1355652174,40.3304545455,0.281507916667,0.0,17.34,0.8457375,393.05940468
2013-09-28,0.441958333333,21.825,466.866,4.121,153.366,28.838,0.66094,23.8701428571,450.478571429,10.4771428571,231.519714286,92.2617142857,0.568104285714,20.8493333333,25.987,16.769,0.640089166667,0.4797,103.927666667,2.244,77.1230416667,2.453625,0.27437375,0.0,17.761,0.844825,224.002365765
2013-09-29,0.556916666667,16.505,37.282,-2.053,-2.739,,1.0,16.7718571429,43.7387142857,-0.851428571429,0.378666666667,,1.0,17.0355833333,18.349,16.02,0.929836666667,0.77817,6.0995,-1.50716666667,-1.72853846154,-36.1277777778,0.28164,0.504166666667,17.462,0.8439125,-4.00051171597
2013-09-30,0.65164,16.979,91.571,0.069,,,0.99536,17.7781428571,119.300857143,2.05814285714,15.5025,11.1155,0.970412857143,17.3215,19.282,16.252,0.975507916667,0.89701,32.088125,0.121708333333,6.28163636364,0.0144444444444,0.287752916667,0.00833333333333,17.236,0.843,
2013-10-01,0.574125,18.667,195.592,3.498,56.266,65.579,0.96949,20.9291428571,301.163857143,7.74057142857,101.965285714,58.6877142857,0.823397142857,19.4895,24.42,16.452,0.889841666667,0.65659,80.9617083333,3.17225,32.8731666667,8.16429166667,0.2852475,0.00416666666667,17.796,0.83636875,82.1806470284
2013-10-02,0.599,20.839,112.343,6.448,45.974,-0.57,0.97787,21.9827142857,170.179428571,8.627,59.048,43.8043333333,0.946408571429,20.7474583333,23.509,19.162,0.954020416667,0.88081,42.48,5.51133333333,18.8056818182,-1.5961,0.281662083333,0.0,18.354,0.8297375,67.1484211865
2013-10-03,0.575666666667,22.834,461.553,9.448,152.284,87.88,0.80877,23.9302857143,399.267428571,13.2131428571,152.533285714,83.5567142857,0.744702857143,21.992625,25.732,19.165,0.852135833333,0.63419,109.086375,7.59491666667,46.3721666667,8.99891666667,0.277762916667,0.0125,19.168,0.82310625,222.422024883
2013-10-04,0.575333333333,19.779,123.221,3.728,8.182,,0.96758,22.4918571429,277.413857143,11.227,59.8808571429,59.8496,0.90261,21.875375,25.789,19.327,0.904844166667,0.76537,67.9008333333,7.028375,16.8620833333,-6.19540909091,0.279342916667,0.2625,19.561,0.816475,11.9504150639
2013-10-05,0.568958333333,21.149,111.721,6.357,20.286,-8.194,0.99746,21.3761428571,111.485285714,7.51571428571,11.7298571429,3.38957142857,0.98586,20.72275,22.272,18.055,0.978835,0.92313,35.89575,4.6665,4.68383333333,-11.421625,0.303764166667,0.625,19.683,0.80984375,29.6292006828
2013-10-06,0.677083333333,12.743,57.315,-18.122,,,1.0,12.589,150.978857143,-17.2181428571,27.158,43.8095,0.960194285714,14.6874583333,18.837,9.035,0.927959166667,0.70375,41.339625,-11.4866666667,2.1126,-7.78009090909,0.397079583333,2.17916666667,19.2,0.8032125,
2013-10-07,0.514583333333,10.022,408.034,-22.309,67.054,145.658,0.74513,12.0081428571,368.274,-15.5845714286,87.5574285714,145.867428571,0.681717142857,10.8422083333,15.217,7.354,0.774808333333,0.61751,93.5054166667,-18.92975,29.0705833333,37.0900416667,0.388945,0.0,16.115,0.79658125,97.9373174891
2013-10-08,0.534833333333,17.294,431.631,-4.62,200.673,132.853,0.62527,18.618,443.681714286,2.25714285714,198.945285714,145.028714286,0.53473,15.3785416667,20.329,10.715,0.619302083333,0.42817,97.37375,-8.56854166667,63.5037916667,31.4087916667,0.373169166667,0.0,15.36,0.78995,293.097731865
2013-10-09,0.491291666667,16.296,429.704,-6.477,108.329,82.413,0.6855,19.2368571429,440.011142857,3.03185714286,162.358142857,152.979714286,0.601455714286,16.1364583333,22.639,9.075,0.624599166667,0.47453,94.6825416667,-5.91029166667,53.6988333333,38.9807083333,0.361472083333,0.0,15.44,0.78331875,158.222502256
2013-10-10,0.547625,19.527,386.115,0.446,121.076,81.212,0.57646,21.4362857143,415.983142857,6.93228571429,154.204571429,124.203714286,0.531872857143,18.8270833333,23.569,14.579,0.5542675,0.47937,86.008375,-1.4,53.4972083333,31.8294583333,0.351982916667,0.0,15.933,0.7766875,176.840436847
2013-10-11,0.496666666667,20.777,416.054,0.621,164.783,152.7,0.58245,22.0878571429,426.516571429,7.11928571429,181.064714286,126.482285714,0.484345714286,19.8112916667,23.66,16.062,0.517033333333,0.40157,87.861,-0.694625,58.371375,35.1127916667,0.34393875,0.0,16.171,0.77005625,240.677737164
2013-10-12,0.500875,20.084,411.663,3.366,109.048,73.051,0.62618,21.9657142857,344.735714286,10.0612857143,134.654285714,82.2474285714,0.590012857143,20.0437083333,23.832,16.672,0.618740833333,0.52172,72.7284166667,1.98675,40.5697083333,19.9383333333,0.336458333333,0.0,16.611,0.763425,159.272654839
2013-10-13,0.491916666667,17.137,409.184,-4.28,111.884,143.583,0.58285,18.9528571429,417.410857143,0.397714285714,119.545428571,114.208571429,0.481431428571,17.2590416667,21.109,12.955,0.586779166667,0.3525,93.3019583333,-3.14508333333,39.1415,15.1347916667,0.33027,0.0,16.544,0.75679375,163.414842216
2013-10-14,0.480375,13.935,413.24,-9.808,69.608,113.387,0.7523,17.4514285714,401.880142857,-1.17585714286,123.570142857,135.919571429,0.595141428571,14.102,21.135,7.404,0.63070125,0.42249,82.2337083333,-8.997625,38.3919583333,31.74375,0.325098333333,0.0,15.356,0.7501625,101.667623047
2013-10-15,0.513291666667,16.274,100.476,1.624,-6.78,36.288,0.92895,16.9965714286,97.2235714286,3.396,-0.394714285714,-5.40828571429,0.939622857143,16.1149583333,17.702,13.675,0.883297916667,0.52885,15.9135,-0.175583333333,-2.258875,-30.823,0.322507916667,0.0416666666667,15.613,0.74353125,-9.9026905565
2013-10-16,0.468708333333,11.477,303.527,-11.302,71.847,99.676,0.73302,12.4164285714,274.568428571,-9.33842857143,75.2557142857,111.501714286,0.694734285714,13.2275833333,17.547,8.775,0.79434625,0.587,71.9448333333,-6.577,24.8215217391,36.9474,0.328577916667,0.229166666667,15.879,0.7369,104.937847849
2013-10-17,0.508083333333,8.33,240.551,-15.094,32.058,60.989,0.96409,9.764,156.002285714,-11.7505714286,21.4578571429,42.439,0.864808571429,8.97579166667,11.742,6.905,0.844173333333,0.68538,15.1720833333,-15.4401666667,3.41508333333,5.96766666667,0.329475,0.108333333333,13.946,0.7193375,46.8230757906
2013-10-18,0.47852,12.715,385.453,-5.897,157.624,79.773,0.73914,15.0941428571,354.034142857,-0.0638571428571,175.93175,131.72875,0.60085,11.3185416667,17.54,7.045,0.755719166667,0.46857,68.4132916667,-8.638625,50.1999285714,17.7982142857,0.326983333333,0.0,13.236,0.701775,230.221489127
2013-10-19,0.475708333333,5.275,114.073,-18.385,-14.656,,0.9627,7.551,230.375714286,-14.876,52.7892857143,104.10075,0.786427142857,7.48229166667,10.575,5.275,0.773323333333,0.54382,48.2242083333,-15.3257083333,29.7445,28.2805454545,0.336480416667,0.333333333333,13.019,0.6842125,-21.4061700289
2013-10-20,0.457083333333,10.87,385.979,-9.176,52.622,178.999,0.65472,13.3268571429,390.770142857,-1.72242857143,112.654285714,174.042142857,0.563857142857,9.71233333333,16.119,4.054,0.68987125,0.45922,77.752625,-10.5575833333,35.9320416667,14.9296666667,0.3354975,0.0,11.776,0.66665,76.8583159977
2013-10-21,0.480875,13.017,346.671,-4.12,59.798,99.64,0.65041,13.527,265.034142857,-0.181142857143,60.9708571429,93.5301428571,0.657032857143,10.4065,14.52,6.447,0.744805833333,0.62141,48.0855,-7.95483333333,19.0862916667,-0.781333333333,0.330006666667,0.0,12.07,0.6490875,87.3393937902
2013-10-22,0.414583333333,7.677,383.525,-15.08,58.636,200.009,0.46249,8.824,253.966285714,-10.3904285714,58.9592857143,117.813857143,0.445155714286,6.30154166667,10.294,2.619,0.548535,0.38456,46.188875,-16.8753333333,19.6082083333,30.0612916667,0.286818333333,0.0583333333333,11.655,0.631525,85.6422070016
2013-10-23,0.46108,3.535,343.226,-20.0,30.311,122.014,0.82846,5.39471428571,236.358428571,-15.9925714286,37.7052857143,104.881142857,0.673587142857,4.47958333333,6.774,2.542,0.776441666667,0.53355,62.3800416667,-17.391,17.0633684211,34.9438333333,-95.8119445833,0.129166666667,10.407,0.6139625,44.2714533124
2013-10-24,0.4495,3.1,89.273,-18.241,6.857,10.195,0.8762,2.55928571429,81.643,-19.0627142857,6.48171428571,25.609,0.890888571429,2.49129166667,3.1,1.86,0.83990125,0.71688,10.5450833333,-19.7932916667,-0.0214166666667,-1.60208695652,-99.99,0.075,9.251,0.5964,10.0151547413
2013-10-25,0.408333333333,4.909,373.551,-16.423,37.145,193.886,0.58553,6.37185714286,375.787142857,-11.2427142857,49.1218571429,209.596857143,0.457135714286,3.5655,8.535,-0.875,0.589555833333,0.33578,70.05775,-18.405875,15.686125,48.8021666667,-99.99,0.00416666666667,8.061,0.5788375,54.2530148557
2013-10-26,0.428583333333,5.825,82.389,-12.887,21.363,31.387,0.61385,8.56185714286,231.265142857,-5.43757142857,34.4151428571,89.7754285714,0.58341,6.351375,13.214,0.887,0.605920833333,0.50823,26.94725,-11.4065833333,10.5147083333,-9.02333333333,-99.99,0.0,8.644,0.561275,31.202238696
2013-10-27,0.424916666667,9.069,347.188,-5.222,31.42,143.335,0.58444,11.2527142857,356.889857143,0.721571428571,63.5691428571,197.282428571,0.454957142857,9.0985,13.532,5.499,0.51207625,0.35107,62.3936666667,-7.437625,20.7985833333,56.1245,-99.99,0.0,9.116,0.5437125,45.8912296881
2013-10-28,0.408125,12.494,327.373,-0.503,111.8,177.881,0.46395,14.5927142857,347.313142857,5.57028571429,87.0192857143,180.988142857,0.395171428571,11.9128333333,17.28,8.025,0.4266975,0.33663,56.0749166667,-3.83545833333,27.4272083333,52.4521666667,-99.99,0.0,9.805,0.52615,163.292154014
2013-10-29,0.473208333333,8.934,94.869,-4.719,21.601,31.713,0.61011,10.3958571429,89.2458571429,-1.30957142857,5.30571428571,20.9977142857,0.658537142857,9.75579166667,12.37,7.05,0.647857916667,0.45897,0.728291666667,-4.14345833333,1.19270833333,-9.59641666667,-99.99,0.141666666667,9.931,0.5085875,31.5498552671
2013-10-30,0.587791666667,13.984,86.589,6.344,,,1.0,15.365,86.2882857143,9.33142857143,,,0.999428571429,14.4442916667,18.194,10.324,0.97561125,0.91918,24.25975,6.60183333333,2.6225,-22.0694,-99.99,0.0791666666667,11.816,0.491025,
2013-10-31,0.638833333333,15.257,16.556,9.546,4.253,-86.547,0.96606,15.5055714286,20.82,10.4135714286,0.612,-87.5733333333,0.989334285714,16.9284545455,19.335,14.682,-7.47958916667,-99.99,-1.45891666667,11.2979565217,-8.4,-57.9087333333,-99.99,1.125,13.441,0.4734625,6.21182049216
2013-11-01,0.566,10.424,235.454,-7.055,46.799,99.113,0.84896,12.5455714286,247.010571429,-1.065,78.0115714286,122.784142857,0.699494285714,11.0139473684,14.419,7.924,-20.2382645833,-99.99,54.8520416667,-6.10626315789,27.2502631579,35.1467777778,-99.99,0.0125,12.672,0.4559,68.353394595
2013-11-02,0.448416666667,9.17,314.809,-8.831,36.802,266.197,0.73424,10.156,227.401285714,-4.67457142857,47.7622857143,167.530285714,0.615492857143,8.03895833333,11.224,5.307,0.734705416667,0.50511,34.4782916667,-10.8735416667,15.989125,43.1695,-99.99,0.0,11.847,0.45134375,53.7520380325
2013-11-03,0.480583333333,8.954,330.865,-10.588,27.578,290.463,0.84675,10.5248571429,317.315714286,-3.87385714286,51.4835714286,229.236714286,0.654062857143,7.61775,12.69,3.774,0.703593333333,0.39556,49.3337083333,-11.58225,13.847375,52.8705833333,-99.99,0.0,10.834,0.4467875,40.2797050394
2013-11-04,0.466541666667,8.129,132.383,-8.544,16.331,59.247,0.62691,10.043,103.326857143,-4.50314285714,16.3821428571,44.185,0.594534285714,8.97645833333,12.574,5.562,0.633565833333,0.55223,-0.705208333333,-7.74529166667,3.46158333333,-14.7260416667,-99.99,0.0,10.332,0.44223125,23.8526311915
2013-11-05,0.473416666667,11.025,58.122,-1.704,15.361,-1.181,0.6991,12.3111428571,92.7184285714,0.581142857143,19.8512857143,22.5985714286,0.64041,11.9534166667,15.665,9.247,0.666685416667,0.51519,10.0267916667,-1.5105,4.36558333333,-11.4405416667,-99.99,0.00833333333333,10.868,0.437675,22.4358745779
2013-11-06,0.475166666667,10.91,60.268,-0.781,-18.363,-26.258,0.93123,12.2141428571,40.5434285714,1.98614285714,-16.6738571429,-31.75875,0.959945714286,12.09625,15.6,4.802,0.8147575,0.53614,2.52870833333,-0.754583333333,-7.126875,-28.6103684211,-99.99,0.5375,11.686,0.43311875,-26.8205172108
2013-11-07,0.49425,4.377,317.262,-15.619,32.67,229.344,0.57432,6.41371428571,324.281571429,-7.11114285714,62.2952857143,179.4,0.463431428571,4.82795833333,8.624,0.59,0.644111666667,0.36009,58.6580833333,-13.3384166667,17.7665416667,36.9715,-99.99,0.0,11.019,0.4285625,47.7169469736
2013-11-08,0.468625,5.105,312.815,-13.828,-9.289,249.615,0.69241,8.07942857143,320.743142857,-2.91242857143,18.4625714286,173.159,0.484235714286,5.35216666667,11.253,0.809,0.60504125,0.30889,49.690875,-12.0740833333,3.41752941176,42.8130909091,-99.99,0.0,9.51,0.42400625,-13.5672702919
2013-11-09,0.492833333333,11.339,302.077,-5.572,37.658,224.073,0.52073,12.9632857143,309.742714286,4.53885714286,28.845,220.0275,0.49097,10.13425,15.637,5.529,0.51889125,0.45364,42.8456666667,-6.06675,12.1885384615,85.6591538462,-99.99,0.0,9.733,0.41945,55.0022892296
2013-11-10,0.46276,6.369,309.977,-10.716,32.931,293.069,0.5498,7.86685714286,317.080142857,-1.82228571429,36.8734285714,241.042285714,0.488031428571,7.51970833333,10.602,4.064,0.5515975,0.38823,40.2742916667,-8.06670833333,9.58775,55.3788333333,-99.99,0.0,9.602,0.41489375,48.0981567428
2013-11-11,0.463125,6.937,245.676,-8.448,30.869,106.6,0.56941,9.18585714286,96.938,-4.35885714286,22.6832857143,16.6061428571,0.541564285714,6.10720833333,11.404,2.05,0.682158333333,0.42029,9.07795833333,-10.2565833333,6.07940909091,-10.0917619048,-99.99,0.0791666666667,9.029,0.4103375,45.0864535087
2013-11-12,0.46975,-1.461,141.641,-17.982,-13.036,84.571,0.75445,0.151285714286,234.650857143,-11.331,11.9194285714,114.625142857,0.636835714286,-0.846041666667,1.332,-2.94,0.719804166667,0.5495,34.8131666667,-16.6017083333,4.047875,28.9174761905,-99.99,0.00416666666667,8.792,0.40578125,-19.0400404269
2013-11-13,0.431375,-2.251,320.633,-22.566,28.283,158.498,0.68975,0.344428571429,323.610428571,-11.3724285714,27.7975714286,160.601571429,0.49097,-1.22254166667,3.38,-5.085,0.612031666667,0.3356,47.8845,-18.9954583333,7.95279166667,30.1894166667,-99.99,0.0,6.7,0.401225,41.3094095884
2013-11-14,0.439125,4.745,313.699,-13.054,23.786,136.493,0.39781,7.97571428571,316.371714286,-2.56114285714,33.3071428571,175.165285714,0.293122857143,4.75554166667,11.674,-0.643,0.412003333333,0.19509,43.92775,-11.839125,10.3805833333,26.1047083333,-99.99,0.0,6.585,0.39666875,34.7412090822
2013-11-15,0.426583333333,6.332,73.031,-6.901,3.21,3.704,0.4246,8.31414285714,139.683285714,-1.67642857143,12.3895714286,51.0768571429,0.402107142857,7.689,11.159,5.029,0.44092,0.31852,8.279125,-6.22479166667,2.81575,-4.01575,-99.99,0.0,7.282,0.3921125,4.68844198914
2013-11-16,0.524708333333,9.894,70.854,3.693,-1.46,,0.96662,12.0684285714,143.395428571,9.06528571429,21.2664285714,127.4844,0.876488571429,11.44175,15.449,7.817,0.906235,0.75011,39.3425833333,5.404875,3.97495833333,32.2278571429,-99.99,0.0541666666667,9.322,0.38755625,-2.13243778945
2013-11-17,0.6605,16.759,49.058,13.678,-32.723,7.175,0.905,17.4867142857,37.6345714286,15.4147142857,-47.2627142857,-3.19428571429,0.904348571429,16.3136470588,18.814,14.64,-28.4942104167,-99.99,-12.9694583333,13.2510555556,-17.5171764706,-20.2693076923,-99.99,1.6,11.34,0.383,-47.7943573865
2013-11-18,0.4855,,296.057,,,,-99.99,,294.027714286,-13.2876,,,-99.99,6.041,8.17,3.882,-74.85777625,-99.99,32.7142916667,-14.22,-5.79466666667,-28.3962,-99.99,0.0,9.526,0.383,
